seed,liar,t_s,min_trust_in_honest_agents,mean_trust,max_trust
2000,D,0.0,100.0,100.0,100.0
2000,D,0.5,100.0,100.0,100.0
2000,D,1.0,100.0,100.0,100.0
2000,D,1.5,100.0,100.0,100.0
2000,D,2.0,100.0,100.0,100.0
2000,D,2.5,100.0,100.0,100.0
2000,D,3.0,100.0,100.0,100.0
2000,D,3.5,100.0,100.0,100.0
2000,D,4.01,100.0,100.0,100.0
2000,D,4.51,100.0,100.0,100.0
2000,D,5.01,100.0,100.0,100.0
2000,D,5.51,100.0,100.0,100.0
2000,D,6.01,100.0,100.0,100.0
2000,D,6.51,100.0,100.0,100.0
2000,D,7.01,97.5,98.33,100.0
2000,D,7.51,95.0,95.83,97.5
2000,D,8.01,92.5,94.25,97.75
2000,D,8.51,92.75,94.5,98.0
2000,D,9.01,93.0,94.75,98.25
2000,D,9.52,93.25,95.0,98.5
2000,D,10.02,93.5,95.25,98.75
2000,D,10.52,93.75,95.5,99.0
2000,D,11.02,94.0,95.75,99.25
2000,D,11.52,94.25,96.0,99.5
2000,D,12.02,91.75,94.42,97.0
2000,D,12.52,89.24,91.91,94.5
2000,D,13.02,86.74,89.41,92.0
2000,D,13.52,84.24,86.91,89.5
2000,D,14.02,81.74,84.41,87.0
2000,D,14.52,79.24,81.91,84.49
2000,D,15.02,76.74,79.41,81.99
2000,D,15.52,74.24,76.91,79.49
2000,D,16.02,74.49,75.32,76.99
2000,D,16.52,71.99,72.82,74.49
2000,D,17.02,69.49,70.32,71.99
2000,D,17.52,66.98,67.82,69.49
2000,D,18.02,64.48,65.32,66.99
2000,D,18.52,61.98,62.82,64.49
2000,D,19.02,59.48,60.32,61.99
2000,D,19.52,56.98,57.82,59.49
2000,D,20.02,54.48,56.23,59.74
2000,D,20.52,54.73,56.48,59.99
2000,D,21.02,54.98,56.73,60.24
2000,D,21.52,55.23,56.98,60.49
2000,D,22.03,55.48,57.23,60.74
2000,D,22.53,55.73,57.48,60.99
2000,D,23.03,55.98,57.73,61.24
2000,D,23.53,56.23,57.98,61.49
2000,D,24.03,56.48,57.31,58.98
2000,D,24.53,53.97,54.81,56.48
2000,D,25.03,51.47,52.31,53.98
2000,D,25.53,48.97,49.81,51.48
2000,D,26.03,46.47,47.31,48.98
2000,D,26.53,43.97,44.81,46.48
2000,D,27.03,41.47,42.31,43.98
2000,D,27.53,38.97,39.81,41.48
2000,D,28.03,36.47,37.31,38.98
2000,D,28.53,33.97,34.81,36.48
2000,D,29.03,31.46,32.3,33.98
2000,D,29.53,28.96,29.8,31.48
2000,D,30.03,26.46,27.3,28.97
2000,D,30.53,23.96,24.8,26.47
2000,D,31.03,21.46,22.3,23.97
2000,D,31.53,18.96,19.8,21.47
2000,D,32.03,16.45,18.21,21.72
2000,D,32.53,13.95,15.71,19.22
2000,D,33.03,11.45,13.21,16.72
2000,D,33.53,8.95,10.71,14.22
2000,D,34.03,6.45,8.21,11.72
2000,D,34.53,3.95,5.71,9.22
2000,D,35.03,1.45,3.21,6.72
2000,D,35.53,0.0,1.4,4.21
2000,D,36.03,0.0,0.57,1.71
2000,D,36.53,0.0,0.0,0.0
2000,D,37.03,0.0,0.0,0.0
2000,D,37.53,0.0,0.0,0.0
2000,D,38.03,0.0,0.0,0.0
2000,D,38.54,0.0,0.0,0.0
2000,D,39.04,0.0,0.0,0.0
2000,D,39.54,0.0,0.0,0.0
2000,D,40.04,0.0,0.0,0.0
2000,D,40.54,0.0,0.0,0.0
2000,D,41.04,0.0,0.0,0.0
2000,D,41.54,0.0,0.0,0.0
2000,D,42.04,0.0,0.0,0.0
2000,D,42.54,0.0,0.0,0.0
2000,D,43.04,0.0,0.0,0.0
2000,D,43.54,0.0,0.0,0.0
2000,D,44.04,0.0,0.0,0.0
2000,D,44.54,0.0,0.0,0.0
2000,D,45.04,0.0,0.0,0.0
2000,D,45.54,0.0,0.0,0.0
2000,D,46.04,0.0,0.0,0.0
2000,D,46.54,0.0,0.0,0.0
2000,D,47.04,0.0,0.0,0.0
2000,D,47.54,0.0,0.0,0.0
2000,D,48.04,0.0,0.0,0.0
2000,D,48.54,0.0,0.0,0.0
2000,D,49.04,0.0,0.0,0.0
2000,D,49.54,0.0,0.0,0.0
2000,D,50.04,0.0,0.0,0.0
2000,D,50.54,0.0,0.0,0.0
2000,D,51.04,0.0,0.0,0.0
2000,D,51.54,0.0,0.0,0.0
2000,D,52.04,0.0,0.0,0.0
2000,D,52.54,0.0,0.17,0.25
2000,D,53.04,0.25,0.42,0.5
2000,D,53.54,0.5,0.67,0.75
2000,D,54.04,0.75,0.92,1.0
2000,D,54.54,1.0,1.17,1.25
2000,D,55.04,1.25,1.42,1.5
2000,D,55.54,1.5,1.67,1.75
2000,D,56.04,1.75,1.92,2.0
2000,D,56.54,2.0,2.17,2.25
2000,D,57.04,2.25,2.42,2.5
2000,D,57.54,2.5,2.67,2.75
2000,D,58.04,2.75,2.92,3.0
2000,D,58.54,3.0,3.17,3.25
2000,D,59.04,3.25,3.42,3.5
2000,D,59.54,3.5,3.67,3.75
2000,D,60.04,3.75,3.92,4.0
2000,D,60.54,4.0,4.17,4.25
2000,D,61.04,4.25,4.42,4.5
2000,D,61.54,4.5,4.67,4.75
2000,D,62.04,4.75,4.92,5.0
2000,D,62.54,5.0,5.17,5.25
2000,D,63.04,5.25,5.42,5.5
2000,D,63.55,5.5,5.67,5.75
2000,D,64.05,5.75,5.92,6.0
2000,D,64.55,6.0,6.17,6.25
2000,D,65.05,6.25,6.42,6.5
2000,D,65.55,6.5,6.67,6.75
2000,D,66.05,6.75,6.92,7.0
2000,D,66.55,7.0,7.17,7.25
2000,D,67.05,7.25,7.42,7.5
2000,D,67.55,7.5,7.67,7.75
2000,D,68.05,7.75,7.92,8.0
2000,D,68.55,8.0,8.17,8.25
2000,D,69.05,8.25,8.42,8.5
2000,D,69.55,8.5,8.67,8.75
2000,D,70.05,8.75,8.92,9.0
2000,D,70.55,9.0,9.17,9.25
2000,D,71.05,9.25,9.42,9.5
2000,D,71.55,9.5,9.67,9.75
2000,D,72.05,9.75,9.92,10.0
2000,D,72.55,10.0,10.17,10.25
2000,D,73.05,10.25,10.42,10.5
2000,D,73.55,10.5,10.67,10.75
2000,D,74.05,10.75,10.92,11.0
2000,D,74.55,11.0,11.17,11.25
2000,D,75.05,11.25,11.42,11.5
2000,D,75.55,11.5,11.67,11.75
2000,D,76.05,11.75,11.92,12.0
2000,D,76.55,12.0,12.17,12.25
2000,D,77.05,12.25,12.42,12.5
2000,D,77.55,12.5,12.67,12.75
2000,D,78.05,12.75,12.92,13.0
2000,D,78.55,13.0,13.17,13.25
2000,D,79.05,13.25,13.42,13.5
2000,D,79.55,13.51,13.67,13.75
2000,D,80.05,13.76,13.92,14.0
2000,D,80.55,14.01,14.17,14.25
2000,D,81.05,14.26,14.42,14.5
2000,D,81.55,14.51,14.67,14.75
2000,D,82.05,14.76,14.92,15.01
2000,D,82.55,15.01,15.17,15.26
2000,D,83.05,15.26,15.42,15.51
2000,D,83.55,15.51,15.68,15.76
2000,D,84.05,15.76,15.93,16.01
2000,D,84.55,16.01,16.18,16.26
2000,D,85.05,16.26,16.43,16.51
2000,D,85.55,16.51,16.68,16.76
2000,D,86.05,16.76,16.93,17.01
2000,D,86.55,17.01,17.18,17.26
2000,D,87.05,17.26,17.43,17.51
2000,D,87.55,17.51,17.68,17.76
2000,D,88.05,17.76,17.93,18.01
2000,D,88.56,18.01,18.18,18.26
2000,D,89.06,18.26,18.43,18.51
2000,D,89.56,18.51,18.68,18.76
2000,D,90.06,18.76,18.93,19.01
2000,D,90.56,19.01,19.18,19.26
2000,D,91.06,19.26,19.43,19.51
2000,D,91.56,19.51,19.68,19.76
2000,D,92.06,19.76,19.93,20.01
2000,D,92.56,20.01,20.18,20.26
2000,D,93.06,20.26,20.43,20.51
2000,D,93.56,20.51,20.68,20.76
2000,D,94.06,20.76,20.93,21.01
2000,D,94.56,21.01,21.18,21.26
2000,D,95.06,21.26,21.43,21.51
2000,D,95.56,21.51,21.68,21.76
2000,D,96.06,21.76,21.93,22.01
2000,D,96.56,22.01,22.18,22.26
2000,D,97.06,22.26,22.43,22.51
2000,D,97.56,22.51,22.68,22.76
2000,D,98.06,22.76,22.93,23.01
2000,D,98.56,23.01,23.18,23.26
2000,D,99.06,23.26,23.43,23.51
2000,D,99.56,23.51,23.68,23.76
2000,D,100.06,23.76,23.93,24.01
2000,D,100.56,24.01,24.18,24.26
2000,D,101.06,24.26,24.43,24.51
2000,D,101.56,24.51,24.68,24.76
2000,D,102.06,24.76,24.93,25.01
2000,D,102.56,25.01,25.18,25.26
2000,D,103.06,25.26,25.43,25.51
2000,D,103.56,25.51,25.68,25.76
2000,D,104.06,25.76,25.93,26.01
2000,D,104.56,26.01,26.18,26.26
2000,D,105.06,26.26,26.43,26.51
2000,D,105.56,26.51,26.68,26.76
2000,D,106.06,26.76,26.93,27.01
2000,D,106.56,27.01,27.18,27.26
2000,D,107.06,27.26,27.43,27.51
2000,D,107.56,27.51,27.68,27.76
2000,D,108.06,27.76,27.93,28.01
2000,D,108.56,28.01,28.18,28.26
2000,D,109.06,28.26,28.43,28.51
2000,D,109.56,28.51,28.68,28.76
2000,D,110.06,28.76,28.93,29.01
2000,D,110.56,29.01,29.18,29.26
2000,D,111.06,29.26,29.43,29.51
2000,D,111.56,29.51,29.68,29.76
2000,D,112.07,29.76,29.93,30.01
2000,D,112.57,30.01,30.18,30.26
2000,D,113.07,30.26,30.43,30.51
2000,D,113.57,30.51,30.68,30.76
2000,D,114.07,30.76,30.93,31.01
2000,D,114.57,31.01,31.18,31.26
2000,D,115.07,31.26,31.43,31.51
2000,D,115.57,31.51,31.68,31.76
2000,D,116.07,31.76,31.93,32.01
2000,D,116.57,32.01,32.18,32.26
2000,D,117.07,32.26,32.43,32.51
2000,D,117.57,32.51,32.68,32.76
2000,D,118.07,32.76,32.93,33.01
2000,D,118.57,33.01,33.18,33.26
2000,D,119.07,33.26,33.43,33.51
2000,D,119.57,33.51,33.68,33.76
2000,D,120.07,33.76,33.93,34.01
2000,D,120.57,34.01,34.18,34.26
2000,D,121.07,34.26,34.43,34.51
2000,D,121.57,34.51,34.68,34.76
2000,D,122.07,34.76,34.93,35.01
2000,D,122.57,35.01,35.18,35.26
2001,A,0.0,100.0,100.0,100.0
2001,A,0.5,100.0,100.0,100.0
2001,A,1.0,100.0,100.0,100.0
2001,A,1.5,100.0,100.0,100.0
2001,A,2.0,100.0,100.0,100.0
2001,A,2.5,100.0,100.0,100.0
2001,A,3.0,100.0,100.0,100.0
2001,A,3.5,100.0,100.0,100.0
2001,A,4.0,100.0,100.0,100.0
2001,A,4.51,100.0,100.0,100.0
2001,A,5.01,100.0,100.0,100.0
2001,A,5.51,100.0,100.0,100.0
2001,A,6.01,100.0,100.0,100.0
2001,A,6.51,100.0,100.0,100.0
2001,A,7.01,100.0,100.0,100.0
2001,A,7.51,97.49,97.49,97.5
2001,A,8.01,94.99,94.99,95.0
2001,A,8.51,95.24,95.24,95.25
2001,A,9.01,95.49,95.49,95.5
2001,A,9.51,95.74,95.74,95.75
2001,A,10.01,95.99,95.99,96.0
2001,A,10.52,96.24,96.24,96.25
2001,A,11.02,96.49,96.49,96.5
2001,A,11.52,96.74,96.74,96.75
2001,A,12.02,94.24,94.24,94.25
2001,A,12.52,91.73,91.73,91.74
2001,A,13.02,89.23,89.23,89.24
2001,A,13.52,86.73,86.73,86.74
2001,A,14.02,84.23,84.23,84.24
2001,A,14.52,81.72,81.73,81.73
2001,A,15.02,79.22,79.22,79.23
2001,A,15.52,76.72,76.72,76.73
2001,A,16.02,74.22,74.22,74.23
2001,A,16.52,71.71,71.72,71.72
2001,A,17.02,69.2,69.21,69.22
2001,A,17.52,66.7,66.71,66.72
2001,A,18.02,64.2,64.21,64.22
2001,A,18.52,61.7,61.71,61.72
2001,A,19.02,59.2,59.2,59.21
2001,A,19.53,56.69,56.7,56.71
2001,A,20.03,54.19,54.2,54.21
2001,A,20.53,54.44,54.45,54.46
2001,A,21.03,54.69,54.7,54.71
2001,A,21.53,54.94,54.95,54.96
2001,A,22.03,55.19,55.2,55.21
2001,A,22.53,55.44,55.45,55.46
2001,A,23.03,55.69,55.7,55.71
2001,A,23.53,55.94,55.95,55.96
2001,A,24.03,56.19,56.2,56.21
2001,A,24.53,53.69,53.7,53.71
2001,A,25.03,51.19,51.2,51.21
2001,A,25.53,48.68,48.7,48.71
2001,A,26.03,46.18,46.19,46.2
2001,A,26.53,43.68,43.69,43.7
2001,A,27.03,41.18,41.19,41.2
2001,A,27.53,38.68,38.69,38.7
2001,A,28.03,36.18,36.19,36.2
2001,A,28.53,33.68,33.69,33.7
2001,A,29.03,31.18,31.19,31.2
2001,A,29.53,28.68,28.69,28.7
2001,A,30.03,26.18,26.19,26.2
2001,A,30.53,23.67,23.69,23.7
2001,A,31.03,21.17,21.18,21.19
2001,A,31.53,18.67,18.68,18.69
2001,A,32.03,16.17,16.18,16.19
2001,A,32.53,13.67,13.68,13.69
2001,A,33.03,11.17,11.18,11.19
2001,A,33.53,8.67,8.68,8.69
2001,A,34.03,6.17,6.18,6.19
2001,A,34.53,3.67,3.68,3.69
2001,A,35.03,1.17,1.18,1.19
2001,A,35.53,0.0,0.0,0.0
2001,A,36.03,0.0,0.0,0.0
2001,A,36.53,0.0,0.0,0.0
2001,A,37.03,0.0,0.0,0.0
2001,A,37.53,0.0,0.0,0.0
2001,A,38.03,0.0,0.0,0.0
2001,A,38.53,0.0,0.0,0.0
2001,A,39.03,0.0,0.0,0.0
2001,A,39.53,0.0,0.0,0.0
2001,A,40.03,0.0,0.0,0.0
2001,A,40.53,0.0,0.0,0.0
2001,A,41.03,0.0,0.0,0.0
2001,A,41.53,0.0,0.0,0.0
2001,A,42.04,0.0,0.0,0.0
2001,A,42.54,0.0,0.0,0.0
2001,A,43.04,0.0,0.0,0.0
2001,A,43.54,0.0,0.0,0.0
2001,A,44.04,0.0,0.0,0.0
2001,A,44.54,0.0,0.0,0.0
2001,A,45.04,0.0,0.0,0.0
2001,A,45.54,0.0,0.0,0.0
2001,A,46.04,0.0,0.0,0.0
2001,A,46.54,0.0,0.0,0.0
2001,A,47.04,0.0,0.0,0.0
2001,A,47.54,0.0,0.0,0.0
2001,A,48.04,0.0,0.0,0.0
2001,A,48.54,0.0,0.0,0.0
2001,A,49.04,0.0,0.0,0.0
2001,A,49.54,0.0,0.0,0.0
2001,A,50.04,0.0,0.0,0.0
2001,A,50.54,0.0,0.0,0.0
2001,A,51.04,0.0,0.0,0.0
2001,A,51.54,0.0,0.0,0.0
2001,A,52.04,0.0,0.0,0.0
2001,A,52.54,0.25,0.25,0.25
2001,A,53.04,0.5,0.5,0.5
2001,A,53.54,0.75,0.75,0.75
2001,A,54.04,1.0,1.0,1.0
2001,A,54.54,1.25,1.25,1.25
2001,A,55.04,1.5,1.5,1.5
2001,A,55.54,1.75,1.75,1.75
2001,A,56.04,2.0,2.0,2.0
2001,A,56.54,2.25,2.25,2.25
2001,A,57.04,2.5,2.5,2.5
2001,A,57.54,2.75,2.75,2.75
2001,A,58.04,3.0,3.0,3.0
2001,A,58.54,3.25,3.25,3.25
2001,A,59.04,3.5,3.5,3.5
2001,A,59.54,3.75,3.75,3.75
2001,A,60.04,4.0,4.0,4.0
2001,A,60.54,4.25,4.25,4.25
2001,A,61.04,4.5,4.5,4.5
2001,A,61.54,4.75,4.75,4.75
2001,A,62.04,5.0,5.0,5.0
2001,A,62.54,5.25,5.25,5.25
2001,A,63.04,5.5,5.5,5.5
2001,A,63.54,5.75,5.75,5.75
2001,A,64.04,6.0,6.0,6.0
2001,A,64.54,6.25,6.25,6.25
2001,A,65.04,6.5,6.5,6.5
2001,A,65.54,6.75,6.75,6.75
2001,A,66.04,7.0,7.0,7.0
2001,A,66.54,7.25,7.25,7.25
2001,A,67.04,7.5,7.5,7.5
2001,A,67.54,7.75,7.75,7.75
2001,A,68.04,8.0,8.0,8.0
2001,A,68.54,8.25,8.25,8.25
2001,A,69.04,8.5,8.5,8.5
2001,A,69.54,8.75,8.75,8.75
2001,A,70.04,9.0,9.0,9.0
2001,A,70.54,9.25,9.25,9.25
2001,A,71.04,9.5,9.5,9.5
2001,A,71.54,9.75,9.75,9.75
2001,A,72.05,10.0,10.0,10.0
2001,A,72.55,10.25,10.25,10.25
2001,A,73.05,10.5,10.5,10.5
2001,A,73.55,10.75,10.75,10.75
2001,A,74.05,11.0,11.0,11.0
2001,A,74.55,11.25,11.25,11.25
2001,A,75.05,11.5,11.5,11.5
2001,A,75.55,11.75,11.75,11.75
2001,A,76.05,12.0,12.0,12.0
2001,A,76.55,12.25,12.25,12.25
2001,A,77.05,12.5,12.5,12.5
2001,A,77.55,12.75,12.75,12.75
2001,A,78.05,13.0,13.0,13.01
2001,A,78.55,13.25,13.25,13.26
2001,A,79.05,13.5,13.5,13.51
2001,A,79.55,13.75,13.76,13.76
2001,A,80.05,14.01,14.01,14.01
2001,A,80.55,14.26,14.26,14.26
2001,A,81.05,14.51,14.51,14.51
2001,A,81.55,14.76,14.76,14.76
2001,A,82.05,15.01,15.01,15.01
2001,A,82.55,15.26,15.26,15.26
2001,A,83.05,15.51,15.51,15.51
2001,A,83.55,15.76,15.76,15.76
2001,A,84.05,16.01,16.01,16.01
2001,A,84.55,16.26,16.26,16.26
2001,A,85.05,16.51,16.51,16.51
2001,A,85.55,16.76,16.76,16.76
2001,A,86.05,17.01,17.01,17.01
2001,A,86.55,17.26,17.26,17.26
2001,A,87.05,17.51,17.51,17.51
2001,A,87.55,17.76,17.76,17.76
2001,A,88.05,18.01,18.01,18.01
2001,A,88.55,18.26,18.26,18.26
2001,A,89.05,18.51,18.51,18.51
2001,A,89.55,18.76,18.76,18.76
2001,A,90.05,19.01,19.01,19.01
2001,A,90.55,19.26,19.26,19.26
2001,A,91.05,19.51,19.51,19.51
2001,A,91.55,19.76,19.76,19.76
2001,A,92.05,20.01,20.01,20.01
2001,A,92.55,20.26,20.26,20.26
2001,A,93.05,20.51,20.51,20.51
2001,A,93.55,20.76,20.76,20.76
2001,A,94.05,21.01,21.01,21.01
2001,A,94.55,21.26,21.26,21.26
2001,A,95.05,21.51,21.51,21.51
2001,A,95.55,21.76,21.76,21.76
2001,A,96.05,22.01,22.01,22.01
2001,A,96.55,22.26,22.26,22.26
2001,A,97.05,22.51,22.51,22.51
2001,A,97.55,22.76,22.76,22.76
2001,A,98.05,23.01,23.01,23.01
2001,A,98.55,23.26,23.26,23.26
2001,A,99.05,23.51,23.51,23.51
2001,A,99.55,23.76,23.76,23.76
2001,A,100.05,24.01,24.01,24.01
2001,A,100.55,24.26,24.26,24.26
2001,A,101.05,24.51,24.51,24.51
2001,A,101.55,24.76,24.76,24.76
2001,A,102.05,25.01,25.01,25.01
2001,A,102.55,25.26,25.26,25.26
2001,A,103.06,25.51,25.51,25.51
2001,A,103.56,25.76,25.76,25.76
2001,A,104.06,26.01,26.01,26.01
2001,A,104.56,26.26,26.26,26.26
2001,A,105.06,26.51,26.51,26.51
2001,A,105.56,26.76,26.76,26.76
2001,A,106.06,27.01,27.01,27.01
2001,A,106.56,27.26,27.26,27.26
2001,A,107.06,27.51,27.51,27.51
2001,A,107.56,27.76,27.76,27.76
2001,A,108.06,28.01,28.01,28.01
2001,A,108.56,28.26,28.26,28.26
2001,A,109.06,28.51,28.51,28.51
2001,A,109.56,28.76,28.76,28.76
2001,A,110.06,29.01,29.01,29.01
2001,A,110.56,29.26,29.26,29.26
2001,A,111.06,29.51,29.51,29.51
2001,A,111.56,29.76,29.76,29.76
2001,A,112.06,30.01,30.01,30.01
2001,A,112.56,30.26,30.26,30.26
2001,A,113.06,30.51,30.51,30.51
2001,A,113.56,30.76,30.76,30.76
2001,A,114.06,31.01,31.01,31.01
2001,A,114.56,31.26,31.26,31.26
2001,A,115.06,31.51,31.51,31.51
2001,A,115.56,31.76,31.76,31.76
2001,A,116.06,32.01,32.01,32.01
2001,A,116.56,32.26,32.26,32.26
2001,A,117.06,32.51,32.51,32.51
2001,A,117.56,32.76,32.76,32.76
2001,A,118.06,33.01,33.01,33.01
2001,A,118.56,33.26,33.26,33.26
2001,A,119.06,33.51,33.51,33.51
2001,A,119.56,33.76,33.76,33.76
2001,A,120.06,34.01,34.01,34.01
2001,A,120.56,34.26,34.26,34.26
2001,A,121.06,34.51,34.51,34.51
2001,A,121.56,34.76,34.76,34.76
2001,A,122.06,35.01,35.01,35.01
2001,A,122.56,35.26,35.26,35.26
2002,A,0.0,100.0,100.0,100.0
2002,A,0.5,100.0,100.0,100.0
2002,A,1.0,100.0,100.0,100.0
2002,A,1.5,100.0,100.0,100.0
2002,A,2.0,100.0,100.0,100.0
2002,A,2.5,100.0,100.0,100.0
2002,A,3.0,100.0,100.0,100.0
2002,A,3.5,100.0,100.0,100.0
2002,A,4.01,100.0,100.0,100.0
2002,A,4.51,100.0,100.0,100.0
2002,A,5.01,100.0,100.0,100.0
2002,A,5.51,100.0,100.0,100.0
2002,A,6.01,100.0,100.0,100.0
2002,A,6.51,100.0,100.0,100.0
2002,A,7.01,100.0,100.0,100.0
2002,A,7.51,97.48,97.49,97.5
2002,A,8.01,94.98,94.98,94.99
2002,A,8.51,95.23,95.24,95.24
2002,A,9.01,95.48,95.49,95.49
2002,A,9.51,95.73,95.74,95.74
2002,A,10.01,95.98,95.99,95.99
2002,A,10.52,96.23,96.24,96.24
2002,A,11.02,96.48,96.49,96.49
2002,A,11.52,96.73,96.74,96.74
2002,A,12.02,94.23,94.23,94.24
2002,A,12.52,91.72,91.73,91.74
2002,A,13.02,89.22,89.23,89.23
2002,A,13.52,86.72,86.73,86.73
2002,A,14.02,84.21,84.22,84.23
2002,A,14.52,81.71,81.72,81.73
2002,A,15.02,79.21,79.22,79.23
2002,A,15.52,76.71,76.72,76.73
2002,A,16.02,74.2,74.21,74.23
2002,A,16.52,71.7,71.71,71.72
2002,A,17.02,69.2,69.21,69.22
2002,A,17.52,66.7,66.71,66.72
2002,A,18.02,64.2,64.21,64.22
2002,A,18.52,61.69,61.7,61.72
2002,A,19.02,59.19,59.2,59.21
2002,A,19.53,56.68,56.69,56.7
2002,A,20.03,54.18,54.19,54.2
2002,A,20.53,54.43,54.44,54.45
2002,A,21.03,54.68,54.69,54.7
2002,A,21.53,54.93,54.94,54.95
2002,A,22.03,55.18,55.19,55.2
2002,A,22.53,55.43,55.44,55.45
2002,A,23.03,55.68,55.69,55.7
2002,A,23.53,55.93,55.94,55.95
2002,A,24.03,56.18,56.19,56.2
2002,A,24.53,53.68,53.69,53.7
2002,A,25.03,51.18,51.19,51.2
2002,A,25.53,48.68,48.69,48.7
2002,A,26.03,46.18,46.19,46.2
2002,A,26.53,43.68,43.69,43.7
2002,A,27.03,41.18,41.19,41.2
2002,A,27.53,38.68,38.69,38.7
2002,A,28.03,36.18,36.19,36.2
2002,A,28.53,33.67,33.68,33.7
2002,A,29.03,31.17,31.18,31.2
2002,A,29.53,28.67,28.68,28.69
2002,A,30.03,26.17,26.18,26.19
2002,A,30.53,23.67,23.68,23.69
2002,A,31.03,21.16,21.17,21.19
2002,A,31.53,18.66,18.67,18.69
2002,A,32.03,16.16,16.17,16.19
2002,A,32.53,13.66,13.67,13.69
2002,A,33.03,11.16,11.17,11.19
2002,A,33.53,8.66,8.67,8.68
2002,A,34.03,6.16,6.17,6.18
2002,A,34.53,3.66,3.67,3.68
2002,A,35.03,1.16,1.17,1.18
2002,A,35.53,0.0,0.0,0.0
2002,A,36.03,0.0,0.0,0.0
2002,A,36.53,0.0,0.0,0.0
2002,A,37.03,0.0,0.0,0.0
2002,A,37.53,0.0,0.0,0.0
2002,A,38.03,0.0,0.0,0.0
2002,A,38.53,0.0,0.0,0.0
2002,A,39.03,0.0,0.0,0.0
2002,A,39.53,0.0,0.0,0.0
2002,A,40.03,0.0,0.0,0.0
2002,A,40.54,0.0,0.0,0.0
2002,A,41.04,0.0,0.0,0.0
2002,A,41.54,0.0,0.0,0.0
2002,A,42.04,0.0,0.0,0.0
2002,A,42.54,0.0,0.0,0.0
2002,A,43.04,0.0,0.0,0.0
2002,A,43.54,0.0,0.0,0.0
2002,A,44.04,0.0,0.0,0.0
2002,A,44.54,0.0,0.0,0.0
2002,A,45.04,0.0,0.0,0.0
2002,A,45.54,0.0,0.0,0.0
2002,A,46.04,0.0,0.0,0.0
2002,A,46.54,0.0,0.0,0.0
2002,A,47.05,0.0,0.0,0.0
2002,A,47.55,0.0,0.0,0.0
2002,A,48.05,0.0,0.0,0.0
2002,A,48.55,0.0,0.0,0.0
2002,A,49.05,0.0,0.0,0.0
2002,A,49.55,0.0,0.0,0.0
2002,A,50.05,0.0,0.0,0.0
2002,A,50.55,0.0,0.0,0.0
2002,A,51.05,0.0,0.0,0.0
2002,A,51.55,0.0,0.0,0.0
2002,A,52.05,0.0,0.0,0.0
2002,A,52.55,0.25,0.25,0.25
2002,A,53.05,0.5,0.5,0.5
2002,A,53.55,0.75,0.75,0.75
2002,A,54.05,1.0,1.0,1.0
2002,A,54.55,1.25,1.25,1.25
2002,A,55.05,1.5,1.5,1.5
2002,A,55.55,1.75,1.75,1.75
2002,A,56.05,2.0,2.0,2.0
2002,A,56.55,2.25,2.25,2.25
2002,A,57.05,2.5,2.5,2.5
2002,A,57.55,2.75,2.75,2.75
2002,A,58.05,3.0,3.0,3.0
2002,A,58.55,3.25,3.25,3.25
2002,A,59.05,3.5,3.5,3.5
2002,A,59.55,3.75,3.75,3.75
2002,A,60.05,4.0,4.0,4.0
2002,A,60.55,4.25,4.25,4.25
2002,A,61.05,4.5,4.5,4.5
2002,A,61.55,4.75,4.75,4.75
2002,A,62.05,5.0,5.0,5.0
2002,A,62.55,5.25,5.25,5.25
2002,A,63.05,5.5,5.5,5.5
2002,A,63.55,5.75,5.75,5.75
2002,A,64.05,6.0,6.0,6.0
2002,A,64.55,6.25,6.25,6.25
2002,A,65.05,6.5,6.5,6.5
2002,A,65.55,6.75,6.75,6.75
2002,A,66.05,7.0,7.0,7.0
2002,A,66.55,7.25,7.25,7.25
2002,A,67.05,7.5,7.5,7.5
2002,A,67.55,7.75,7.75,7.75
2002,A,68.05,8.0,8.0,8.0
2002,A,68.55,8.25,8.25,8.25
2002,A,69.05,8.5,8.5,8.5
2002,A,69.55,8.75,8.75,8.75
2002,A,70.05,9.0,9.0,9.0
2002,A,70.55,9.25,9.25,9.25
2002,A,71.05,9.5,9.5,9.5
2002,A,71.55,9.75,9.75,9.75
2002,A,72.05,10.0,10.0,10.0
2002,A,72.56,10.25,10.25,10.25
2002,A,73.06,10.5,10.5,10.5
2002,A,73.56,10.75,10.75,10.75
2002,A,74.06,11.0,11.0,11.0
2002,A,74.56,11.25,11.25,11.25
2002,A,75.06,11.5,11.5,11.5
2002,A,75.56,11.75,11.75,11.75
2002,A,76.06,12.0,12.0,12.0
2002,A,76.56,12.25,12.25,12.25
2002,A,77.06,12.5,12.5,12.5
2002,A,77.56,12.75,12.75,12.75
2002,A,78.06,13.0,13.0,13.01
2002,A,78.56,13.25,13.25,13.26
2002,A,79.06,13.5,13.51,13.51
2002,A,79.56,13.76,13.76,13.76
2002,A,80.06,14.01,14.01,14.01
2002,A,80.56,14.26,14.26,14.26
2002,A,81.06,14.51,14.51,14.51
2002,A,81.56,14.76,14.76,14.76
2002,A,82.06,15.01,15.01,15.01
2002,A,82.56,15.26,15.26,15.26
2002,A,83.06,15.51,15.51,15.51
2002,A,83.56,15.76,15.76,15.76
2002,A,84.06,16.01,16.01,16.01
2002,A,84.56,16.26,16.26,16.26
2002,A,85.06,16.51,16.51,16.51
2002,A,85.56,16.76,16.76,16.76
2002,A,86.06,17.01,17.01,17.01
2002,A,86.56,17.26,17.26,17.26
2002,A,87.06,17.51,17.51,17.51
2002,A,87.56,17.76,17.76,17.76
2002,A,88.06,18.01,18.01,18.01
2002,A,88.56,18.26,18.26,18.26
2002,A,89.06,18.51,18.51,18.51
2002,A,89.56,18.76,18.76,18.76
2002,A,90.06,19.01,19.01,19.01
2002,A,90.56,19.26,19.26,19.26
2002,A,91.06,19.51,19.51,19.51
2002,A,91.56,19.76,19.76,19.76
2002,A,92.06,20.01,20.01,20.01
2002,A,92.56,20.26,20.26,20.26
2002,A,93.06,20.51,20.51,20.51
2002,A,93.56,20.76,20.76,20.76
2002,A,94.06,21.01,21.01,21.01
2002,A,94.56,21.26,21.26,21.26
2002,A,95.06,21.51,21.51,21.51
2002,A,95.57,21.76,21.76,21.76
2002,A,96.07,22.01,22.01,22.01
2002,A,96.57,22.26,22.26,22.26
2002,A,97.07,22.51,22.51,22.51
2002,A,97.57,22.76,22.76,22.76
2002,A,98.07,23.01,23.01,23.01
2002,A,98.57,23.26,23.26,23.26
2002,A,99.07,23.51,23.51,23.51
2002,A,99.57,23.76,23.76,23.76
2002,A,100.07,24.01,24.01,24.01
2002,A,100.57,24.26,24.26,24.26
2002,A,101.07,24.51,24.51,24.51
2002,A,101.57,24.76,24.76,24.76
2002,A,102.07,25.01,25.01,25.01
2002,A,102.57,25.26,25.26,25.26
2002,A,103.07,25.51,25.51,25.51
2002,A,103.57,25.76,25.76,25.76
2002,A,104.07,26.01,26.01,26.01
2002,A,104.57,26.26,26.26,26.26
2002,A,105.07,26.51,26.51,26.51
2002,A,105.57,26.76,26.76,26.76
2002,A,106.07,27.01,27.01,27.01
2002,A,106.57,27.26,27.26,27.26
2002,A,107.07,27.51,27.51,27.51
2002,A,107.57,27.76,27.76,27.76
2002,A,108.07,28.01,28.01,28.01
2002,A,108.57,28.26,28.26,28.26
2002,A,109.07,28.51,28.51,28.51
2002,A,109.57,28.76,28.76,28.76
2002,A,110.07,29.01,29.01,29.01
2002,A,110.57,29.26,29.26,29.26
2002,A,111.07,29.51,29.51,29.51
2002,A,111.57,29.76,29.76,29.76
2002,A,112.07,30.01,30.01,30.01
2002,A,112.57,30.26,30.26,30.26
2002,A,113.07,30.51,30.51,30.51
2002,A,113.57,30.76,30.76,30.76
2002,A,114.07,31.01,31.01,31.01
2002,A,114.57,31.26,31.26,31.26
2002,A,115.07,31.51,31.51,31.51
2002,A,115.57,31.76,31.76,31.76
2002,A,116.07,32.01,32.01,32.01
2002,A,116.57,32.26,32.26,32.26
2002,A,117.07,32.51,32.51,32.51
2002,A,117.57,32.76,32.76,32.76
2002,A,118.07,33.01,33.01,33.01
2002,A,118.57,33.26,33.26,33.26
2002,A,119.07,33.51,33.51,33.51
2002,A,119.57,33.76,33.76,33.76
2002,A,120.07,34.01,34.01,34.01
2002,A,120.57,34.26,34.26,34.26
2002,A,121.08,34.51,34.51,34.51
2002,A,121.58,34.76,34.76,34.76
2002,A,122.08,35.01,35.01,35.01
2002,A,122.58,35.26,35.26,35.26
2003,A,0.0,100.0,100.0,100.0
2003,A,0.5,100.0,100.0,100.0
2003,A,1.0,100.0,100.0,100.0
2003,A,1.5,100.0,100.0,100.0
2003,A,2.0,100.0,100.0,100.0
2003,A,2.5,100.0,100.0,100.0
2003,A,3.0,100.0,100.0,100.0
2003,A,3.5,100.0,100.0,100.0
2003,A,4.01,100.0,100.0,100.0
2003,A,4.51,100.0,100.0,100.0
2003,A,5.01,100.0,100.0,100.0
2003,A,5.51,100.0,100.0,100.0
2003,A,6.01,100.0,100.0,100.0
2003,A,6.51,100.0,100.0,100.0
2003,A,7.01,100.0,100.0,100.0
2003,A,7.51,97.49,98.33,100.0
2003,A,8.01,94.99,95.82,97.49
2003,A,8.51,94.99,95.16,95.24
2003,A,9.01,95.24,95.41,95.49
2003,A,9.51,95.49,95.66,95.74
2003,A,10.01,95.74,95.91,95.99
2003,A,10.51,95.99,96.16,96.24
2003,A,11.01,96.24,96.41,96.49
2003,A,11.51,96.49,96.66,96.75
2003,A,12.02,94.24,95.07,96.74
2003,A,12.52,91.74,92.57,94.24
2003,A,13.02,89.24,90.07,91.74
2003,A,13.52,86.73,87.57,89.24
2003,A,14.02,84.23,85.06,86.73
2003,A,14.52,81.73,82.56,84.23
2003,A,15.02,79.23,80.06,81.73
2003,A,15.52,76.72,76.73,76.73
2003,A,16.02,74.22,74.22,74.22
2003,A,16.52,71.72,71.72,71.72
2003,A,17.02,69.21,69.22,69.22
2003,A,17.52,66.71,66.72,66.72
2003,A,18.02,64.21,64.21,64.22
2003,A,18.52,61.7,61.71,61.71
2003,A,19.02,59.2,59.21,59.21
2003,A,19.53,56.7,56.71,56.71
2003,A,20.03,54.19,54.2,54.21
2003,A,20.53,54.44,54.45,54.46
2003,A,21.03,54.69,54.7,54.71
2003,A,21.53,54.94,54.95,54.96
2003,A,22.03,55.19,55.2,55.21
2003,A,22.53,55.44,55.45,55.46
2003,A,23.03,55.69,55.7,55.71
2003,A,23.53,55.94,55.95,55.96
2003,A,24.03,56.2,56.21,56.21
2003,A,24.53,53.69,53.7,53.71
2003,A,25.03,51.19,51.2,51.21
2003,A,25.53,48.69,48.7,48.71
2003,A,26.03,46.19,46.2,46.21
2003,A,26.53,43.69,43.7,43.71
2003,A,27.03,41.19,41.2,41.2
2003,A,27.53,38.69,38.7,38.7
2003,A,28.03,36.19,36.2,36.2
2003,A,28.53,33.69,33.7,33.7
2003,A,29.03,31.18,31.19,31.2
2003,A,29.53,28.68,28.69,28.7
2003,A,30.03,26.18,26.19,26.2
2003,A,30.53,23.68,23.69,23.69
2003,A,31.03,21.18,21.19,21.19
2003,A,31.53,18.68,18.69,18.69
2003,A,32.03,16.18,16.19,16.19
2003,A,32.53,13.68,13.69,13.69
2003,A,33.03,11.18,11.19,11.19
2003,A,33.53,8.68,8.69,8.69
2003,A,34.03,6.18,6.18,6.19
2003,A,34.53,3.68,3.68,3.69
2003,A,35.03,1.18,1.18,1.19
2003,A,35.53,0.0,0.0,0.0
2003,A,36.03,0.0,0.0,0.0
2003,A,36.53,0.0,0.0,0.0
2003,A,37.03,0.0,0.0,0.0
2003,A,37.53,0.0,0.0,0.0
2003,A,38.03,0.0,0.0,0.0
2003,A,38.53,0.0,0.0,0.0
2003,A,39.03,0.0,0.0,0.0
2003,A,39.53,0.0,0.0,0.0
2003,A,40.03,0.0,0.0,0.0
2003,A,40.53,0.0,0.0,0.0
2003,A,41.03,0.0,0.0,0.0
2003,A,41.53,0.0,0.0,0.0
2003,A,42.03,0.0,0.0,0.0
2003,A,42.53,0.0,0.0,0.0
2003,A,43.03,0.0,0.0,0.0
2003,A,43.53,0.0,0.0,0.0
2003,A,44.03,0.0,0.0,0.0
2003,A,44.53,0.0,0.0,0.0
2003,A,45.03,0.0,0.0,0.0
2003,A,45.53,0.0,0.0,0.0
2003,A,46.04,0.0,0.0,0.0
2003,A,46.54,0.0,0.0,0.0
2003,A,47.04,0.0,0.0,0.0
2003,A,47.54,0.0,0.0,0.0
2003,A,48.04,0.0,0.0,0.0
2003,A,48.54,0.0,0.0,0.0
2003,A,49.04,0.0,0.0,0.0
2003,A,49.54,0.0,0.0,0.0
2003,A,50.04,0.0,0.0,0.0
2003,A,50.54,0.0,0.0,0.0
2003,A,51.04,0.0,0.0,0.0
2003,A,51.54,0.0,0.0,0.0
2003,A,52.04,0.0,0.0,0.0
2003,A,52.54,0.25,0.25,0.25
2003,A,53.04,0.5,0.5,0.5
2003,A,53.54,0.75,0.75,0.75
2003,A,54.04,1.0,1.0,1.0
2003,A,54.54,1.25,1.25,1.25
2003,A,55.04,1.5,1.5,1.5
2003,A,55.54,1.75,1.75,1.75
2003,A,56.04,2.0,2.0,2.0
2003,A,56.54,2.25,2.25,2.25
2003,A,57.04,2.5,2.5,2.5
2003,A,57.54,2.75,2.75,2.75
2003,A,58.04,3.0,3.0,3.0
2003,A,58.54,3.25,3.25,3.25
2003,A,59.04,3.5,3.5,3.5
2003,A,59.54,3.75,3.75,3.75
2003,A,60.04,4.0,4.0,4.0
2003,A,60.54,4.25,4.25,4.25
2003,A,61.04,4.5,4.5,4.5
2003,A,61.54,4.75,4.75,4.75
2003,A,62.04,5.0,5.0,5.0
2003,A,62.54,5.25,5.25,5.25
2003,A,63.04,5.5,5.5,5.5
2003,A,63.54,5.75,5.75,5.75
2003,A,64.04,6.0,6.0,6.0
2003,A,64.54,6.25,6.25,6.25
2003,A,65.04,6.5,6.5,6.5
2003,A,65.54,6.75,6.75,6.75
2003,A,66.04,7.0,7.0,7.0
2003,A,66.54,7.25,7.25,7.25
2003,A,67.04,7.5,7.5,7.5
2003,A,67.54,7.75,7.75,7.75
2003,A,68.04,8.0,8.0,8.0
2003,A,68.54,8.25,8.25,8.25
2003,A,69.04,8.5,8.5,8.5
2003,A,69.54,8.75,8.75,8.75
2003,A,70.04,9.0,9.0,9.0
2003,A,70.54,9.25,9.25,9.25
2003,A,71.04,9.5,9.5,9.5
2003,A,71.54,9.75,9.75,9.75
2003,A,72.04,10.0,10.0,10.0
2003,A,72.54,10.25,10.25,10.25
2003,A,73.05,10.5,10.5,10.5
2003,A,73.55,10.75,10.75,10.75
2003,A,74.05,11.0,11.0,11.0
2003,A,74.55,11.25,11.25,11.25
2003,A,75.05,11.5,11.5,11.5
2003,A,75.55,11.75,11.75,11.75
2003,A,76.05,12.0,12.0,12.0
2003,A,76.55,12.25,12.25,12.25
2003,A,77.05,12.5,12.5,12.51
2003,A,77.55,12.75,12.75,12.76
2003,A,78.05,13.0,13.0,13.01
2003,A,78.55,13.26,13.26,13.26
2003,A,79.05,13.51,13.51,13.51
2003,A,79.55,13.76,13.76,13.76
2003,A,80.05,14.01,14.01,14.01
2003,A,80.55,14.26,14.26,14.26
2003,A,81.05,14.51,14.51,14.51
2003,A,81.55,14.76,14.76,14.76
2003,A,82.05,15.01,15.01,15.01
2003,A,82.55,15.26,15.26,15.26
2003,A,83.05,15.51,15.51,15.51
2003,A,83.55,15.76,15.76,15.76
2003,A,84.05,16.01,16.01,16.01
2003,A,84.55,16.26,16.26,16.26
2003,A,85.05,16.51,16.51,16.51
2003,A,85.55,16.76,16.76,16.76
2003,A,86.05,17.01,17.01,17.01
2003,A,86.55,17.26,17.26,17.26
2003,A,87.05,17.51,17.51,17.51
2003,A,87.55,17.76,17.76,17.76
2003,A,88.05,18.01,18.01,18.01
2003,A,88.55,18.26,18.26,18.26
2003,A,89.05,18.51,18.51,18.51
2003,A,89.55,18.76,18.76,18.76
2003,A,90.05,19.01,19.01,19.01
2003,A,90.55,19.26,19.26,19.26
2003,A,91.05,19.51,19.51,19.51
2003,A,91.55,19.76,19.76,19.76
2003,A,92.05,20.01,20.01,20.01
2003,A,92.55,20.26,20.26,20.26
2003,A,93.05,20.51,20.51,20.51
2003,A,93.55,20.76,20.76,20.76
2003,A,94.05,21.01,21.01,21.01
2003,A,94.55,21.26,21.26,21.26
2003,A,95.05,21.51,21.51,21.51
2003,A,95.55,21.76,21.76,21.76
2003,A,96.05,22.01,22.01,22.01
2003,A,96.55,22.26,22.26,22.26
2003,A,97.05,22.51,22.51,22.51
2003,A,97.56,22.76,22.76,22.76
2003,A,98.06,23.01,23.01,23.01
2003,A,98.56,23.26,23.26,23.26
2003,A,99.06,23.51,23.51,23.51
2003,A,99.56,23.76,23.76,23.76
2003,A,100.06,24.01,24.01,24.01
2003,A,100.56,24.26,24.26,24.26
2003,A,101.06,24.51,24.51,24.51
2003,A,101.56,24.76,24.76,24.76
2003,A,102.06,25.01,25.01,25.01
2003,A,102.56,25.26,25.26,25.26
2003,A,103.06,25.51,25.51,25.51
2003,A,103.56,25.76,25.76,25.76
2003,A,104.06,26.01,26.01,26.01
2003,A,104.56,26.26,26.26,26.26
2003,A,105.06,26.51,26.51,26.51
2003,A,105.56,26.76,26.76,26.76
2003,A,106.06,27.01,27.01,27.01
2003,A,106.56,27.26,27.26,27.26
2003,A,107.06,27.51,27.51,27.51
2003,A,107.56,27.76,27.76,27.76
2003,A,108.06,28.01,28.01,28.01
2003,A,108.56,28.26,28.26,28.26
2003,A,109.06,28.51,28.51,28.51
2003,A,109.56,28.76,28.76,28.76
2003,A,110.06,29.01,29.01,29.01
2003,A,110.56,29.26,29.26,29.26
2003,A,111.06,29.51,29.51,29.51
2003,A,111.56,29.76,29.76,29.76
2003,A,112.06,30.01,30.01,30.01
2003,A,112.56,30.26,30.26,30.26
2003,A,113.06,30.51,30.51,30.51
2003,A,113.56,30.76,30.76,30.76
2003,A,114.06,31.01,31.01,31.01
2003,A,114.56,31.26,31.26,31.26
2003,A,115.06,31.51,31.51,31.51
2003,A,115.56,31.76,31.76,31.76
2003,A,116.06,32.01,32.01,32.01
2003,A,116.56,32.26,32.26,32.26
2003,A,117.06,32.51,32.51,32.51
2003,A,117.56,32.76,32.76,32.76
2003,A,118.06,33.01,33.01,33.01
2003,A,118.56,33.26,33.26,33.26
2003,A,119.06,33.51,33.51,33.51
2003,A,119.56,33.76,33.76,33.76
2003,A,120.06,34.01,34.01,34.01
2003,A,120.56,34.26,34.26,34.26
2003,A,121.06,34.51,34.51,34.51
2003,A,121.56,34.76,34.76,34.76
2003,A,122.06,35.01,35.01,35.01
2003,A,122.56,35.26,35.26,35.26
2004,A,0.0,100.0,100.0,100.0
2004,A,0.5,100.0,100.0,100.0
2004,A,1.0,100.0,100.0,100.0
2004,A,1.5,100.0,100.0,100.0
2004,A,2.0,100.0,100.0,100.0
2004,A,2.5,100.0,100.0,100.0
2004,A,3.0,100.0,100.0,100.0
2004,A,3.5,100.0,100.0,100.0
2004,A,4.0,100.0,100.0,100.0
2004,A,4.5,100.0,100.0,100.0
2004,A,5.01,100.0,100.0,100.0
2004,A,5.51,100.0,100.0,100.0
2004,A,6.01,100.0,100.0,100.0
2004,A,6.51,100.0,100.0,100.0
2004,A,7.01,100.0,100.0,100.0
2004,A,7.51,97.49,97.5,97.5
2004,A,8.01,94.99,94.99,94.99
2004,A,8.52,95.24,95.24,95.24
2004,A,9.02,95.49,95.49,95.49
2004,A,9.52,95.74,95.74,95.74
2004,A,10.02,95.99,95.99,95.99
2004,A,10.52,96.24,96.24,96.24
2004,A,11.02,96.49,96.49,96.49
2004,A,11.52,96.74,96.74,96.74
2004,A,12.02,94.24,94.24,94.24
2004,A,12.52,91.74,91.74,91.74
2004,A,13.02,89.24,89.24,89.24
2004,A,13.52,86.73,86.74,86.74
2004,A,14.02,84.23,84.23,84.24
2004,A,14.52,81.73,81.73,81.73
2004,A,15.02,79.23,79.23,79.23
2004,A,15.52,76.73,76.73,76.73
2004,A,16.02,74.23,74.23,74.23
2004,A,16.52,71.72,71.73,71.73
2004,A,17.02,69.22,69.22,69.22
2004,A,17.52,66.71,66.72,66.72
2004,A,18.02,64.21,64.22,64.22
2004,A,18.52,61.71,61.71,61.72
2004,A,19.02,59.21,59.21,59.21
2004,A,19.52,56.71,56.71,56.71
2004,A,20.02,54.21,54.21,54.21
2004,A,20.52,54.46,54.46,54.46
2004,A,21.02,54.71,54.71,54.71
2004,A,21.52,54.96,54.96,54.96
2004,A,22.03,55.21,55.21,55.21
2004,A,22.53,55.46,55.46,55.46
2004,A,23.03,55.71,55.71,55.71
2004,A,23.53,55.96,55.96,55.96
2004,A,24.03,56.21,56.21,56.21
2004,A,24.53,53.71,53.71,53.71
2004,A,25.03,51.2,51.21,51.21
2004,A,25.53,48.7,48.71,48.71
2004,A,26.03,46.2,46.21,46.21
2004,A,26.53,43.7,43.7,43.71
2004,A,27.03,41.2,41.2,41.21
2004,A,27.53,38.7,38.7,38.71
2004,A,28.03,36.2,36.2,36.21
2004,A,28.53,33.7,33.7,33.7
2004,A,29.03,31.2,31.2,31.2
2004,A,29.53,28.7,28.7,28.7
2004,A,30.03,26.2,26.2,26.2
2004,A,30.53,23.69,23.7,23.7
2004,A,31.03,21.19,21.2,21.2
2004,A,31.53,18.69,18.69,18.7
2004,A,32.03,16.19,16.19,16.19
2004,A,32.53,13.69,13.69,13.69
2004,A,33.03,11.19,11.19,11.19
2004,A,33.53,8.69,8.69,8.69
2004,A,34.03,6.19,6.19,6.19
2004,A,34.53,3.69,3.69,3.69
2004,A,35.03,1.19,1.19,1.19
2004,A,35.53,0.0,0.0,0.0
2004,A,36.03,0.0,0.0,0.0
2004,A,36.53,0.0,0.0,0.0
2004,A,37.03,0.0,0.0,0.0
2004,A,37.53,0.0,0.0,0.0
2004,A,38.03,0.0,0.0,0.0
2004,A,38.53,0.0,0.0,0.0
2004,A,39.03,0.0,0.0,0.0
2004,A,39.53,0.0,0.0,0.0
2004,A,40.03,0.0,0.0,0.0
2004,A,40.53,0.0,0.0,0.0
2004,A,41.03,0.0,0.0,0.0
2004,A,41.53,0.0,0.0,0.0
2004,A,42.03,0.0,0.0,0.0
2004,A,42.53,0.0,0.0,0.0
2004,A,43.03,0.0,0.0,0.0
2004,A,43.53,0.0,0.0,0.0
2004,A,44.03,0.0,0.0,0.0
2004,A,44.53,0.0,0.0,0.0
2004,A,45.03,0.0,0.0,0.0
2004,A,45.53,0.0,0.0,0.0
2004,A,46.03,0.0,0.0,0.0
2004,A,46.53,0.0,0.0,0.0
2004,A,47.03,0.0,0.0,0.0
2004,A,47.53,0.0,0.0,0.0
2004,A,48.03,0.0,0.0,0.0
2004,A,48.53,0.0,0.0,0.0
2004,A,49.03,0.0,0.0,0.0
2004,A,49.53,0.0,0.0,0.0
2004,A,50.04,0.0,0.0,0.0
2004,A,50.54,0.0,0.0,0.0
2004,A,51.04,0.0,0.0,0.0
2004,A,51.54,0.0,0.0,0.0
2004,A,52.04,0.0,0.0,0.0
2004,A,52.54,0.25,0.25,0.25
2004,A,53.04,0.5,0.5,0.5
2004,A,53.54,0.75,0.75,0.75
2004,A,54.04,1.0,1.0,1.0
2004,A,54.54,1.25,1.25,1.25
2004,A,55.04,1.5,1.5,1.5
2004,A,55.54,1.75,1.75,1.75
2004,A,56.04,2.0,2.0,2.0
2004,A,56.54,2.25,2.25,2.25
2004,A,57.04,2.5,2.5,2.5
2004,A,57.54,2.75,2.75,2.75
2004,A,58.04,3.0,3.0,3.0
2004,A,58.54,3.25,3.25,3.25
2004,A,59.04,3.5,3.5,3.5
2004,A,59.54,3.75,3.75,3.75
2004,A,60.04,4.0,4.0,4.0
2004,A,60.54,4.25,4.25,4.25
2004,A,61.04,4.5,4.5,4.5
2004,A,61.54,4.75,4.75,4.75
2004,A,62.04,5.0,5.0,5.0
2004,A,62.54,5.25,5.25,5.25
2004,A,63.04,5.5,5.5,5.5
2004,A,63.54,5.75,5.75,5.75
2004,A,64.04,6.0,6.0,6.0
2004,A,64.54,6.25,6.25,6.25
2004,A,65.04,6.5,6.5,6.5
2004,A,65.54,6.75,6.75,6.75
2004,A,66.04,7.0,7.0,7.0
2004,A,66.54,7.25,7.25,7.25
2004,A,67.04,7.5,7.5,7.5
2004,A,67.54,7.75,7.75,7.75
2004,A,68.04,8.0,8.0,8.0
2004,A,68.54,8.25,8.25,8.25
2004,A,69.04,8.5,8.5,8.5
2004,A,69.54,8.75,8.75,8.75
2004,A,70.04,9.0,9.0,9.0
2004,A,70.54,9.25,9.25,9.25
2004,A,71.04,9.5,9.5,9.5
2004,A,71.54,9.75,9.75,9.75
2004,A,72.04,10.0,10.0,10.0
2004,A,72.54,10.25,10.25,10.25
2004,A,73.04,10.5,10.5,10.5
2004,A,73.54,10.75,10.75,10.75
2004,A,74.04,11.0,11.0,11.0
2004,A,74.54,11.25,11.25,11.25
2004,A,75.04,11.5,11.5,11.5
2004,A,75.54,11.75,11.75,11.75
2004,A,76.04,12.0,12.0,12.0
2004,A,76.54,12.25,12.25,12.25
2004,A,77.04,12.5,12.5,12.5
2004,A,77.54,12.75,12.75,12.75
2004,A,78.04,13.0,13.0,13.0
2004,A,78.54,13.25,13.25,13.25
2004,A,79.04,13.5,13.5,13.5
2004,A,79.54,13.75,13.75,13.76
2004,A,80.04,14.0,14.01,14.01
2004,A,80.54,14.25,14.26,14.26
2004,A,81.04,14.5,14.51,14.51
2004,A,81.54,14.75,14.76,14.76
2004,A,82.05,15.0,15.01,15.01
2004,A,82.55,15.26,15.26,15.26
2004,A,83.05,15.51,15.51,15.51
2004,A,83.55,15.76,15.76,15.76
2004,A,84.05,16.01,16.01,16.01
2004,A,84.55,16.26,16.26,16.26
2004,A,85.05,16.51,16.51,16.51
2004,A,85.55,16.76,16.76,16.76
2004,A,86.05,17.01,17.01,17.01
2004,A,86.55,17.26,17.26,17.26
2004,A,87.05,17.51,17.51,17.51
2004,A,87.55,17.76,17.76,17.76
2004,A,88.05,18.01,18.01,18.01
2004,A,88.55,18.26,18.26,18.26
2004,A,89.05,18.51,18.51,18.51
2004,A,89.55,18.76,18.76,18.76
2004,A,90.05,19.01,19.01,19.01
2004,A,90.55,19.26,19.26,19.26
2004,A,91.05,19.51,19.51,19.51
2004,A,91.55,19.76,19.76,19.76
2004,A,92.05,20.01,20.01,20.01
2004,A,92.55,20.26,20.26,20.26
2004,A,93.05,20.51,20.51,20.51
2004,A,93.55,20.76,20.76,20.76
2004,A,94.05,21.01,21.01,21.01
2004,A,94.55,21.26,21.26,21.26
2004,A,95.05,21.51,21.51,21.51
2004,A,95.55,21.76,21.76,21.76
2004,A,96.05,22.01,22.01,22.01
2004,A,96.55,22.26,22.26,22.26
2004,A,97.05,22.51,22.51,22.51
2004,A,97.55,22.76,22.76,22.76
2004,A,98.05,23.01,23.01,23.01
2004,A,98.55,23.26,23.26,23.26
2004,A,99.05,23.51,23.51,23.51
2004,A,99.55,23.76,23.76,23.76
2004,A,100.05,24.01,24.01,24.01
2004,A,100.55,24.26,24.26,24.26
2004,A,101.05,24.51,24.51,24.51
2004,A,101.55,24.76,24.76,24.76
2004,A,102.05,25.01,25.01,25.01
2004,A,102.55,25.26,25.26,25.26
2004,A,103.05,25.51,25.51,25.51
2004,A,103.55,25.76,25.76,25.76
2004,A,104.05,26.01,26.01,26.01
2004,A,104.55,26.26,26.26,26.26
2004,A,105.05,26.51,26.51,26.51
2004,A,105.55,26.76,26.76,26.76
2004,A,106.05,27.01,27.01,27.01
2004,A,106.55,27.26,27.26,27.26
2004,A,107.05,27.51,27.51,27.51
2004,A,107.55,27.76,27.76,27.76
2004,A,108.05,28.01,28.01,28.01
2004,A,108.55,28.26,28.26,28.26
2004,A,109.05,28.51,28.51,28.51
2004,A,109.55,28.76,28.76,28.76
2004,A,110.05,29.01,29.01,29.01
2004,A,110.55,29.26,29.26,29.26
2004,A,111.05,29.51,29.51,29.51
2004,A,111.55,29.76,29.76,29.76
2004,A,112.06,30.01,30.01,30.01
2004,A,112.56,30.26,30.26,30.26
2004,A,113.06,30.51,30.51,30.51
2004,A,113.56,30.76,30.76,30.76
2004,A,114.06,31.01,31.01,31.01
2004,A,114.56,31.26,31.26,31.26
2004,A,115.06,31.51,31.51,31.51
2004,A,115.56,31.76,31.76,31.76
2004,A,116.06,32.01,32.01,32.01
2004,A,116.56,32.26,32.26,32.26
2004,A,117.06,32.51,32.51,32.51
2004,A,117.56,32.76,32.76,32.76
2004,A,118.06,33.01,33.01,33.01
2004,A,118.56,33.26,33.26,33.26
2004,A,119.06,33.51,33.51,33.51
2004,A,119.56,33.76,33.76,33.76
2004,A,120.06,34.01,34.01,34.01
2004,A,120.56,34.26,34.26,34.26
2004,A,121.06,34.51,34.51,34.51
2004,A,121.56,34.76,34.76,34.76
2004,A,122.06,35.01,35.01,35.01
2004,A,122.56,35.26,35.26,35.26
2005,D,0.0,100.0,100.0,100.0
2005,D,0.5,100.0,100.0,100.0
2005,D,1.0,100.0,100.0,100.0
2005,D,1.5,100.0,100.0,100.0
2005,D,2.0,100.0,100.0,100.0
2005,D,2.5,100.0,100.0,100.0
2005,D,3.0,100.0,100.0,100.0
2005,D,3.5,100.0,100.0,100.0
2005,D,4.0,100.0,100.0,100.0
2005,D,4.5,100.0,100.0,100.0
2005,D,5.0,100.0,100.0,100.0
2005,D,5.51,100.0,100.0,100.0
2005,D,6.01,100.0,100.0,100.0
2005,D,6.51,100.0,100.0,100.0
2005,D,7.01,97.5,98.33,100.0
2005,D,7.51,94.99,95.83,97.5
2005,D,8.01,92.49,94.25,97.75
2005,D,8.51,92.74,94.5,98.0
2005,D,9.01,92.99,94.75,98.25
2005,D,9.51,93.24,95.0,98.5
2005,D,10.01,93.49,95.25,98.75
2005,D,10.51,93.74,95.5,99.0
2005,D,11.01,93.99,95.75,99.25
2005,D,11.51,94.24,96.0,99.5
2005,D,12.01,94.49,95.33,97.0
2005,D,12.51,91.99,92.83,94.5
2005,D,13.02,89.49,90.33,92.0
2005,D,13.52,86.99,87.83,89.5
2005,D,14.02,84.49,85.32,86.99
2005,D,14.52,81.99,82.82,84.49
2005,D,15.02,79.49,80.32,81.99
2005,D,15.52,76.99,77.82,79.49
2005,D,16.02,74.49,75.32,76.99
2005,D,16.52,71.99,72.82,74.49
2005,D,17.02,69.48,70.32,71.99
2005,D,17.52,66.98,67.82,69.49
2005,D,18.02,64.48,65.32,66.99
2005,D,18.52,61.98,62.82,64.49
2005,D,19.02,59.48,60.32,61.99
2005,D,19.52,56.97,57.81,59.48
2005,D,20.03,54.47,56.22,59.73
2005,D,20.53,54.72,56.47,59.98
2005,D,21.03,54.97,56.72,60.23
2005,D,21.53,55.22,56.97,60.48
2005,D,22.03,55.47,57.22,60.73
2005,D,22.53,55.72,57.47,60.98
2005,D,23.03,55.97,57.73,61.24
2005,D,23.53,56.22,57.98,61.49
2005,D,24.03,56.47,57.31,58.98
2005,D,24.53,53.97,54.81,56.48
2005,D,25.03,51.47,52.31,53.98
2005,D,25.53,48.97,49.81,51.48
2005,D,26.03,46.47,47.31,48.98
2005,D,26.53,43.97,44.81,46.48
2005,D,27.03,41.47,42.31,43.98
2005,D,27.53,38.97,39.81,41.48
2005,D,28.03,36.47,37.3,38.97
2005,D,28.53,33.97,34.8,36.47
2005,D,29.03,31.46,32.3,33.97
2005,D,29.53,28.96,29.8,31.47
2005,D,30.03,26.46,27.3,28.97
2005,D,30.53,23.96,24.8,26.47
2005,D,31.03,21.46,22.3,23.97
2005,D,31.53,18.96,19.8,21.47
2005,D,32.03,16.46,18.21,21.72
2005,D,32.53,13.96,15.71,19.22
2005,D,33.03,11.45,13.21,16.72
2005,D,33.53,8.95,10.71,14.22
2005,D,34.03,6.45,8.2,11.71
2005,D,34.53,3.95,5.7,9.21
2005,D,35.03,1.45,3.2,6.71
2005,D,35.53,0.0,1.4,4.21
2005,D,36.03,0.0,0.57,1.71
2005,D,36.53,0.0,0.0,0.0
2005,D,37.03,0.0,0.0,0.0
2005,D,37.53,0.0,0.0,0.0
2005,D,38.04,0.0,0.0,0.0
2005,D,38.54,0.0,0.0,0.0
2005,D,39.04,0.0,0.0,0.0
2005,D,39.54,0.0,0.0,0.0
2005,D,40.04,0.0,0.0,0.0
2005,D,40.54,0.0,0.0,0.0
2005,D,41.04,0.0,0.0,0.0
2005,D,41.54,0.0,0.0,0.0
2005,D,42.04,0.0,0.0,0.0
2005,D,42.54,0.0,0.0,0.0
2005,D,43.04,0.0,0.0,0.0
2005,D,43.54,0.0,0.0,0.0
2005,D,44.04,0.0,0.0,0.0
2005,D,44.54,0.0,0.0,0.0
2005,D,45.04,0.0,0.0,0.0
2005,D,45.54,0.0,0.0,0.0
2005,D,46.04,0.0,0.0,0.0
2005,D,46.54,0.0,0.0,0.0
2005,D,47.04,0.0,0.0,0.0
2005,D,47.54,0.0,0.0,0.0
2005,D,48.04,0.0,0.0,0.0
2005,D,48.54,0.0,0.0,0.0
2005,D,49.04,0.0,0.0,0.0
2005,D,49.54,0.0,0.0,0.0
2005,D,50.04,0.0,0.0,0.0
2005,D,50.54,0.0,0.0,0.0
2005,D,51.04,0.0,0.0,0.0
2005,D,51.54,0.0,0.0,0.0
2005,D,52.04,0.0,0.0,0.0
2005,D,52.54,0.0,0.08,0.25
2005,D,53.04,0.25,0.33,0.5
2005,D,53.54,0.5,0.58,0.75
2005,D,54.04,0.75,0.83,1.0
2005,D,54.54,1.0,1.08,1.25
2005,D,55.04,1.25,1.33,1.5
2005,D,55.54,1.5,1.58,1.75
2005,D,56.04,1.75,1.83,2.0
2005,D,56.54,2.0,2.08,2.25
2005,D,57.04,2.25,2.33,2.5
2005,D,57.54,2.5,2.58,2.75
2005,D,58.04,2.75,2.83,3.0
2005,D,58.54,3.0,3.08,3.25
2005,D,59.04,3.25,3.33,3.5
2005,D,59.54,3.5,3.58,3.75
2005,D,60.04,3.75,3.83,4.0
2005,D,60.54,4.0,4.08,4.25
2005,D,61.04,4.25,4.33,4.5
2005,D,61.54,4.5,4.58,4.75
2005,D,62.04,4.75,4.83,5.0
2005,D,62.54,5.0,5.08,5.25
2005,D,63.04,5.25,5.33,5.5
2005,D,63.54,5.5,5.58,5.75
2005,D,64.05,5.75,5.83,6.0
2005,D,64.55,6.0,6.08,6.25
2005,D,65.05,6.25,6.33,6.5
2005,D,65.55,6.5,6.58,6.75
2005,D,66.05,6.75,6.83,7.0
2005,D,66.55,7.0,7.08,7.25
2005,D,67.05,7.25,7.33,7.5
2005,D,67.55,7.5,7.58,7.75
2005,D,68.05,7.75,7.83,8.0
2005,D,68.55,8.0,8.08,8.25
2005,D,69.05,8.25,8.33,8.5
2005,D,69.55,8.5,8.58,8.75
2005,D,70.05,8.75,8.83,9.0
2005,D,70.55,9.0,9.08,9.25
2005,D,71.05,9.25,9.33,9.5
2005,D,71.55,9.5,9.58,9.75
2005,D,72.05,9.75,9.83,10.0
2005,D,72.55,10.0,10.08,10.25
2005,D,73.05,10.25,10.33,10.5
2005,D,73.55,10.5,10.58,10.75
2005,D,74.05,10.75,10.83,11.0
2005,D,74.55,11.0,11.08,11.25
2005,D,75.05,11.25,11.33,11.5
2005,D,75.55,11.5,11.58,11.75
2005,D,76.05,11.75,11.83,12.0
2005,D,76.55,12.01,12.09,12.25
2005,D,77.05,12.26,12.34,12.5
2005,D,77.55,12.51,12.59,12.75
2005,D,78.05,12.76,12.84,13.0
2005,D,78.55,13.01,13.09,13.25
2005,D,79.05,13.26,13.34,13.51
2005,D,79.55,13.51,13.59,13.76
2005,D,80.05,13.76,13.84,14.01
2005,D,80.55,14.01,14.09,14.26
2005,D,81.05,14.26,14.34,14.51
2005,D,81.55,14.51,14.59,14.76
2005,D,82.05,14.76,14.84,15.01
2005,D,82.55,15.01,15.09,15.26
2005,D,83.05,15.26,15.34,15.51
2005,D,83.55,15.51,15.59,15.76
2005,D,84.05,15.76,15.84,16.01
2005,D,84.55,16.01,16.09,16.26
2005,D,85.05,16.26,16.34,16.51
2005,D,85.55,16.51,16.59,16.76
2005,D,86.05,16.76,16.84,17.01
2005,D,86.55,17.01,17.09,17.26
2005,D,87.05,17.26,17.34,17.51
2005,D,87.55,17.51,17.59,17.76
2005,D,88.05,17.76,17.84,18.01
2005,D,88.55,18.01,18.09,18.26
2005,D,89.05,18.26,18.34,18.51
2005,D,89.56,18.51,18.59,18.76
2005,D,90.06,18.76,18.84,19.01
2005,D,90.56,19.01,19.09,19.26
2005,D,91.06,19.26,19.34,19.51
2005,D,91.56,19.51,19.59,19.76
2005,D,92.06,19.76,19.84,20.01
2005,D,92.56,20.01,20.09,20.26
2005,D,93.06,20.26,20.34,20.51
2005,D,93.56,20.51,20.59,20.76
2005,D,94.06,20.76,20.84,21.01
2005,D,94.56,21.01,21.09,21.26
2005,D,95.06,21.26,21.34,21.51
2005,D,95.56,21.51,21.59,21.76
2005,D,96.06,21.76,21.84,22.01
2005,D,96.56,22.01,22.09,22.26
2005,D,97.06,22.26,22.34,22.51
2005,D,97.56,22.51,22.59,22.76
2005,D,98.06,22.76,22.84,23.01
2005,D,98.56,23.01,23.09,23.26
2005,D,99.06,23.26,23.34,23.51
2005,D,99.56,23.51,23.59,23.76
2005,D,100.06,23.76,23.84,24.01
2005,D,100.56,24.01,24.09,24.26
2005,D,101.06,24.26,24.34,24.51
2005,D,101.56,24.51,24.59,24.76
2005,D,102.06,24.76,24.84,25.01
2005,D,102.56,25.01,25.09,25.26
2005,D,103.06,25.26,25.34,25.51
2005,D,103.56,25.51,25.59,25.76
2005,D,104.06,25.76,25.84,26.01
2005,D,104.56,26.01,26.09,26.26
2005,D,105.06,26.26,26.34,26.51
2005,D,105.56,26.51,26.59,26.76
2005,D,106.06,26.76,26.84,27.01
2005,D,106.56,27.01,27.09,27.26
2005,D,107.06,27.26,27.34,27.51
2005,D,107.56,27.51,27.59,27.76
2005,D,108.06,27.76,27.84,28.01
2005,D,108.56,28.01,28.09,28.26
2005,D,109.06,28.26,28.34,28.51
2005,D,109.56,28.51,28.59,28.76
2005,D,110.06,28.76,28.84,29.01
2005,D,110.56,29.01,29.09,29.26
2005,D,111.06,29.26,29.34,29.51
2005,D,111.56,29.51,29.59,29.76
2005,D,112.06,29.76,29.84,30.01
2005,D,112.56,30.01,30.09,30.26
2005,D,113.06,30.26,30.34,30.51
2005,D,113.56,30.51,30.59,30.76
2005,D,114.06,30.76,30.84,31.01
2005,D,114.57,31.01,31.09,31.26
2005,D,115.07,31.26,31.34,31.51
2005,D,115.57,31.51,31.59,31.76
2005,D,116.07,31.76,31.84,32.01
2005,D,116.57,32.01,32.09,32.26
2005,D,117.07,32.26,32.34,32.51
2005,D,117.57,32.51,32.59,32.76
2005,D,118.07,32.76,32.84,33.01
2005,D,118.57,33.01,33.09,33.26
2005,D,119.07,33.26,33.34,33.51
2005,D,119.57,33.51,33.59,33.76
2005,D,120.07,33.76,33.84,34.01
2005,D,120.57,34.01,34.09,34.26
2005,D,121.07,34.26,34.34,34.51
2005,D,121.57,34.51,34.59,34.76
2005,D,122.07,34.76,34.84,35.01
2005,D,122.57,35.01,35.09,35.26
2006,D,0.0,100.0,100.0,100.0
2006,D,0.5,100.0,100.0,100.0
2006,D,1.0,100.0,100.0,100.0
2006,D,1.5,100.0,100.0,100.0
2006,D,2.0,100.0,100.0,100.0
2006,D,2.5,100.0,100.0,100.0
2006,D,3.0,100.0,100.0,100.0
2006,D,3.5,100.0,100.0,100.0
2006,D,4.0,100.0,100.0,100.0
2006,D,4.5,100.0,100.0,100.0
2006,D,5.0,100.0,100.0,100.0
2006,D,5.5,100.0,100.0,100.0
2006,D,6.01,100.0,100.0,100.0
2006,D,6.51,100.0,100.0,100.0
2006,D,7.01,97.49,97.5,97.5
2006,D,7.51,94.99,95.91,97.75
2006,D,8.01,92.49,94.33,98.0
2006,D,8.51,92.74,94.58,98.25
2006,D,9.01,92.99,94.83,98.5
2006,D,9.51,93.24,95.08,98.75
2006,D,10.01,93.49,95.33,99.0
2006,D,10.51,93.74,95.58,99.25
2006,D,11.01,93.99,95.83,99.5
2006,D,11.51,94.24,96.08,99.75
2006,D,12.01,94.49,95.41,97.25
2006,D,12.51,91.99,92.91,94.75
2006,D,13.01,89.49,90.41,92.25
2006,D,13.51,86.99,87.91,89.75
2006,D,14.02,84.49,85.41,87.25
2006,D,14.52,81.99,82.91,84.74
2006,D,15.02,79.49,80.41,82.24
2006,D,15.52,76.99,77.91,79.74
2006,D,16.02,74.49,75.41,77.24
2006,D,16.52,71.99,72.91,74.74
2006,D,17.02,69.48,70.4,72.24
2006,D,17.52,66.98,67.9,69.74
2006,D,18.02,64.48,65.4,67.24
2006,D,18.52,61.98,62.9,64.74
2006,D,19.02,59.48,60.4,62.24
2006,D,19.52,56.98,57.9,59.73
2006,D,20.02,54.48,56.31,59.98
2006,D,20.52,54.73,56.56,60.23
2006,D,21.02,54.98,56.81,60.48
2006,D,21.52,55.23,57.07,60.74
2006,D,22.02,55.48,57.32,60.99
2006,D,22.52,55.73,57.57,61.24
2006,D,23.02,55.98,57.82,61.49
2006,D,23.52,56.23,58.07,61.74
2006,D,24.02,56.48,57.4,59.23
2006,D,24.52,53.98,54.9,56.73
2006,D,25.02,51.48,52.4,54.23
2006,D,25.53,48.98,49.9,51.73
2006,D,26.03,46.48,47.4,49.23
2006,D,26.53,43.98,44.9,46.73
2006,D,27.03,41.47,42.39,44.23
2006,D,27.53,38.97,39.89,41.73
2006,D,28.03,36.47,37.39,39.23
2006,D,28.53,33.97,34.89,36.73
2006,D,29.03,31.47,32.39,34.22
2006,D,29.53,28.97,29.89,31.72
2006,D,30.03,26.47,27.39,29.22
2006,D,30.53,23.97,24.89,26.72
2006,D,31.03,21.46,22.38,24.22
2006,D,31.53,18.96,19.88,21.72
2006,D,32.03,16.46,18.3,21.97
2006,D,32.53,13.96,15.8,19.47
2006,D,33.03,11.46,13.3,16.97
2006,D,33.53,8.96,10.8,14.47
2006,D,34.03,6.46,8.3,11.97
2006,D,34.53,3.96,5.8,9.47
2006,D,35.03,1.46,3.29,6.96
2006,D,35.53,0.0,1.49,4.46
2006,D,36.03,0.0,0.65,1.96
2006,D,36.53,0.0,0.0,0.0
2006,D,37.03,0.0,0.0,0.0
2006,D,37.53,0.0,0.0,0.0
2006,D,38.03,0.0,0.0,0.0
2006,D,38.53,0.0,0.0,0.0
2006,D,39.03,0.0,0.0,0.0
2006,D,39.53,0.0,0.0,0.0
2006,D,40.03,0.0,0.0,0.0
2006,D,40.53,0.0,0.0,0.0
2006,D,41.03,0.0,0.0,0.0
2006,D,41.53,0.0,0.0,0.0
2006,D,42.03,0.0,0.0,0.0
2006,D,42.53,0.0,0.0,0.0
2006,D,43.03,0.0,0.0,0.0
2006,D,43.54,0.0,0.0,0.0
2006,D,44.04,0.0,0.0,0.0
2006,D,44.54,0.0,0.0,0.0
2006,D,45.04,0.0,0.0,0.0
2006,D,45.54,0.0,0.0,0.0
2006,D,46.04,0.0,0.0,0.0
2006,D,46.54,0.0,0.0,0.0
2006,D,47.04,0.0,0.0,0.0
2006,D,47.54,0.0,0.0,0.0
2006,D,48.04,0.0,0.0,0.0
2006,D,48.54,0.0,0.0,0.0
2006,D,49.04,0.0,0.0,0.0
2006,D,49.54,0.0,0.0,0.0
2006,D,50.04,0.0,0.0,0.0
2006,D,50.54,0.0,0.0,0.0
2006,D,51.04,0.0,0.0,0.0
2006,D,51.54,0.0,0.0,0.0
2006,D,52.04,0.0,0.0,0.0
2006,D,52.54,0.25,0.25,0.25
2006,D,53.04,0.5,0.5,0.5
2006,D,53.54,0.75,0.75,0.75
2006,D,54.04,1.0,1.0,1.0
2006,D,54.54,1.25,1.25,1.25
2006,D,55.04,1.5,1.5,1.5
2006,D,55.54,1.75,1.75,1.75
2006,D,56.04,2.0,2.0,2.0
2006,D,56.54,2.25,2.25,2.25
2006,D,57.04,2.5,2.5,2.5
2006,D,57.54,2.75,2.75,2.75
2006,D,58.04,3.0,3.0,3.0
2006,D,58.54,3.25,3.25,3.25
2006,D,59.04,3.5,3.5,3.5
2006,D,59.54,3.75,3.75,3.75
2006,D,60.04,4.0,4.0,4.0
2006,D,60.54,4.25,4.25,4.25
2006,D,61.04,4.5,4.5,4.5
2006,D,61.54,4.75,4.75,4.75
2006,D,62.04,5.0,5.0,5.0
2006,D,62.54,5.25,5.25,5.25
2006,D,63.04,5.5,5.5,5.5
2006,D,63.54,5.75,5.75,5.75
2006,D,64.04,6.0,6.0,6.0
2006,D,64.54,6.25,6.25,6.25
2006,D,65.04,6.5,6.5,6.5
2006,D,65.54,6.75,6.75,6.75
2006,D,66.04,7.0,7.0,7.0
2006,D,66.54,7.25,7.25,7.25
2006,D,67.04,7.5,7.5,7.5
2006,D,67.54,7.75,7.75,7.75
2006,D,68.05,8.0,8.0,8.0
2006,D,68.55,8.25,8.25,8.25
2006,D,69.05,8.5,8.5,8.5
2006,D,69.55,8.75,8.75,8.75
2006,D,70.05,9.0,9.0,9.0
2006,D,70.55,9.25,9.25,9.25
2006,D,71.05,9.5,9.5,9.5
2006,D,71.55,9.75,9.75,9.75
2006,D,72.05,10.0,10.0,10.0
2006,D,72.55,10.25,10.25,10.25
2006,D,73.05,10.5,10.5,10.5
2006,D,73.55,10.75,10.75,10.75
2006,D,74.05,11.0,11.0,11.0
2006,D,74.55,11.25,11.25,11.25
2006,D,75.05,11.5,11.5,11.5
2006,D,75.55,11.75,11.75,11.75
2006,D,76.05,12.0,12.0,12.0
2006,D,76.55,12.25,12.25,12.25
2006,D,77.05,12.5,12.5,12.5
2006,D,77.55,12.75,12.75,12.76
2006,D,78.05,13.0,13.0,13.01
2006,D,78.55,13.25,13.25,13.26
2006,D,79.05,13.5,13.51,13.51
2006,D,79.55,13.75,13.76,13.76
2006,D,80.05,14.0,14.01,14.01
2006,D,80.55,14.26,14.26,14.26
2006,D,81.05,14.51,14.51,14.51
2006,D,81.55,14.76,14.76,14.76
2006,D,82.05,15.01,15.01,15.01
2006,D,82.55,15.26,15.26,15.26
2006,D,83.05,15.51,15.51,15.51
2006,D,83.55,15.76,15.76,15.76
2006,D,84.05,16.01,16.01,16.01
2006,D,84.55,16.26,16.26,16.26
2006,D,85.05,16.51,16.51,16.51
2006,D,85.55,16.76,16.76,16.76
2006,D,86.05,17.01,17.01,17.01
2006,D,86.55,17.26,17.26,17.26
2006,D,87.05,17.51,17.51,17.51
2006,D,87.55,17.76,17.76,17.76
2006,D,88.05,18.01,18.01,18.01
2006,D,88.55,18.26,18.26,18.26
2006,D,89.05,18.51,18.51,18.51
2006,D,89.55,18.76,18.76,18.76
2006,D,90.05,19.01,19.01,19.01
2006,D,90.56,19.26,19.26,19.26
2006,D,91.06,19.51,19.51,19.51
2006,D,91.56,19.76,19.76,19.76
2006,D,92.06,20.01,20.01,20.01
2006,D,92.56,20.26,20.26,20.26
2006,D,93.06,20.51,20.51,20.51
2006,D,93.56,20.76,20.76,20.76
2006,D,94.06,21.01,21.01,21.01
2006,D,94.56,21.26,21.26,21.26
2006,D,95.06,21.51,21.51,21.51
2006,D,95.56,21.76,21.76,21.76
2006,D,96.06,22.01,22.01,22.01
2006,D,96.56,22.26,22.26,22.26
2006,D,97.06,22.51,22.51,22.51
2006,D,97.56,22.76,22.76,22.76
2006,D,98.06,23.01,23.01,23.01
2006,D,98.56,23.26,23.26,23.26
2006,D,99.06,23.51,23.51,23.51
2006,D,99.56,23.76,23.76,23.76
2006,D,100.06,24.01,24.01,24.01
2006,D,100.56,24.26,24.26,24.26
2006,D,101.06,24.51,24.51,24.51
2006,D,101.56,24.76,24.76,24.76
2006,D,102.06,25.01,25.01,25.01
2006,D,102.56,25.26,25.26,25.26
2006,D,103.06,25.51,25.51,25.51
2006,D,103.56,25.76,25.76,25.76
2006,D,104.06,26.01,26.01,26.01
2006,D,104.56,26.26,26.26,26.26
2006,D,105.06,26.51,26.51,26.51
2006,D,105.56,26.76,26.76,26.76
2006,D,106.06,27.01,27.01,27.01
2006,D,106.56,27.26,27.26,27.26
2006,D,107.06,27.51,27.51,27.51
2006,D,107.56,27.76,27.76,27.76
2006,D,108.06,28.01,28.01,28.01
2006,D,108.56,28.26,28.26,28.26
2006,D,109.06,28.51,28.51,28.51
2006,D,109.56,28.76,28.76,28.76
2006,D,110.06,29.01,29.01,29.01
2006,D,110.56,29.26,29.26,29.26
2006,D,111.06,29.51,29.51,29.51
2006,D,111.56,29.76,29.76,29.76
2006,D,112.06,30.01,30.01,30.01
2006,D,112.56,30.26,30.26,30.26
2006,D,113.06,30.51,30.51,30.51
2006,D,113.56,30.76,30.76,30.76
2006,D,114.07,31.01,31.01,31.01
2006,D,114.57,31.26,31.26,31.26
2006,D,115.07,31.51,31.51,31.51
2006,D,115.57,31.76,31.76,31.76
2006,D,116.07,32.01,32.01,32.01
2006,D,116.57,32.26,32.26,32.26
2006,D,117.07,32.51,32.51,32.51
2006,D,117.57,32.76,32.76,32.76
2006,D,118.07,33.01,33.01,33.01
2006,D,118.57,33.26,33.26,33.26
2006,D,119.07,33.51,33.51,33.51
2006,D,119.57,33.76,33.76,33.76
2006,D,120.07,34.01,34.01,34.01
2006,D,120.57,34.26,34.26,34.26
2006,D,121.07,34.51,34.51,34.51
2006,D,121.57,34.76,34.76,34.76
2006,D,122.07,35.01,35.01,35.01
2006,D,122.57,35.26,35.26,35.26
2007,B,0.0,100.0,100.0,100.0
2007,B,0.5,100.0,100.0,100.0
2007,B,1.0,100.0,100.0,100.0
2007,B,1.5,100.0,100.0,100.0
2007,B,2.0,100.0,100.0,100.0
2007,B,2.5,100.0,100.0,100.0
2007,B,3.0,100.0,100.0,100.0
2007,B,3.5,100.0,100.0,100.0
2007,B,4.0,100.0,100.0,100.0
2007,B,4.5,100.0,100.0,100.0
2007,B,5.01,100.0,100.0,100.0
2007,B,5.51,100.0,100.0,100.0
2007,B,6.01,100.0,100.0,100.0
2007,B,6.51,100.0,100.0,100.0
2007,B,7.01,100.0,100.0,100.0
2007,B,7.51,97.49,97.5,97.5
2007,B,8.01,94.99,94.99,95.0
2007,B,8.51,92.49,93.41,95.25
2007,B,9.01,92.74,93.66,95.5
2007,B,9.51,92.99,93.91,95.75
2007,B,10.01,93.24,94.16,96.0
2007,B,10.52,93.49,94.41,96.25
2007,B,11.02,93.74,94.66,96.5
2007,B,11.52,93.99,94.91,96.75
2007,B,12.02,94.24,94.24,94.25
2007,B,12.52,91.73,91.74,91.75
2007,B,13.02,89.23,89.24,89.25
2007,B,13.52,86.73,86.74,86.74
2007,B,14.02,84.23,84.24,84.24
2007,B,14.52,81.73,81.73,81.74
2007,B,15.02,79.22,79.23,79.24
2007,B,15.52,76.72,76.73,76.74
2007,B,16.02,74.22,74.23,74.24
2007,B,16.52,71.72,71.73,71.74
2007,B,17.02,69.22,69.23,69.24
2007,B,17.52,66.71,66.72,66.74
2007,B,18.02,64.21,64.22,64.24
2007,B,18.53,61.71,61.72,61.73
2007,B,19.03,59.2,59.22,59.23
2007,B,19.53,56.7,56.71,56.73
2007,B,20.03,54.19,54.21,54.23
2007,B,20.53,51.7,53.54,54.48
2007,B,21.03,51.95,53.79,54.73
2007,B,21.53,52.2,54.04,54.98
2007,B,22.03,52.45,54.29,55.23
2007,B,22.53,52.7,54.54,55.48
2007,B,23.03,52.95,54.79,55.73
2007,B,23.53,53.2,55.04,55.98
2007,B,24.03,53.45,54.37,56.19
2007,B,24.53,50.98,52.79,53.7
2007,B,25.03,48.48,50.29,51.2
2007,B,25.53,45.98,47.79,48.7
2007,B,26.03,43.48,45.29,46.2
2007,B,26.53,40.98,42.79,43.7
2007,B,27.03,38.48,40.29,41.2
2007,B,27.53,35.97,37.78,38.69
2007,B,28.03,33.47,35.28,36.19
2007,B,28.53,30.97,32.78,33.69
2007,B,29.03,28.47,30.28,31.19
2007,B,29.53,25.97,27.78,28.69
2007,B,30.03,23.47,25.28,26.19
2007,B,30.53,20.97,22.77,23.68
2007,B,31.03,18.47,20.27,21.18
2007,B,31.53,15.97,17.77,18.68
2007,B,32.03,13.46,15.27,16.18
2007,B,32.53,10.96,12.77,13.67
2007,B,33.03,8.46,10.27,11.17
2007,B,33.53,5.96,7.77,8.67
2007,B,34.03,3.46,5.27,6.17
2007,B,34.53,0.96,2.76,3.67
2007,B,35.03,0.0,0.78,1.17
2007,B,35.53,0.0,0.0,0.0
2007,B,36.03,0.0,0.0,0.0
2007,B,36.53,0.0,0.0,0.0
2007,B,37.03,0.0,0.0,0.0
2007,B,37.53,0.0,0.0,0.0
2007,B,38.04,0.0,0.0,0.0
2007,B,38.54,0.0,0.0,0.0
2007,B,39.04,0.0,0.0,0.0
2007,B,39.54,0.0,0.0,0.0
2007,B,40.04,0.0,0.0,0.0
2007,B,40.54,0.0,0.0,0.0
2007,B,41.04,0.0,0.0,0.0
2007,B,41.54,0.0,0.0,0.0
2007,B,42.04,0.0,0.0,0.0
2007,B,42.54,0.0,0.0,0.0
2007,B,43.04,0.0,0.0,0.0
2007,B,43.54,0.0,0.0,0.0
2007,B,44.04,0.0,0.0,0.0
2007,B,44.54,0.0,0.0,0.0
2007,B,45.04,0.0,0.0,0.0
2007,B,45.54,0.0,0.0,0.0
2007,B,46.04,0.0,0.0,0.0
2007,B,46.54,0.0,0.0,0.0
2007,B,47.04,0.0,0.0,0.0
2007,B,47.54,0.0,0.0,0.0
2007,B,48.04,0.0,0.0,0.0
2007,B,48.54,0.0,0.0,0.0
2007,B,49.04,0.0,0.0,0.0
2007,B,49.54,0.0,0.0,0.0
2007,B,50.04,0.0,0.0,0.0
2007,B,50.54,0.0,0.0,0.0
2007,B,51.04,0.0,0.0,0.0
2007,B,51.54,0.0,0.0,0.0
2007,B,52.04,0.0,0.0,0.0
2007,B,52.54,0.25,0.25,0.25
2007,B,53.04,0.5,0.5,0.5
2007,B,53.54,0.75,0.75,0.75
2007,B,54.04,1.0,1.0,1.0
2007,B,54.54,1.25,1.25,1.25
2007,B,55.04,1.5,1.5,1.5
2007,B,55.54,1.75,1.75,1.75
2007,B,56.04,2.0,2.0,2.0
2007,B,56.54,2.25,2.25,2.25
2007,B,57.04,2.5,2.5,2.5
2007,B,57.54,2.75,2.75,2.75
2007,B,58.04,3.0,3.0,3.0
2007,B,58.54,3.25,3.25,3.25
2007,B,59.04,3.5,3.5,3.5
2007,B,59.54,3.75,3.75,3.75
2007,B,60.04,4.0,4.0,4.0
2007,B,60.54,4.25,4.25,4.25
2007,B,61.04,4.5,4.5,4.5
2007,B,61.54,4.75,4.75,4.75
2007,B,62.04,5.0,5.0,5.0
2007,B,62.54,5.25,5.25,5.25
2007,B,63.04,5.5,5.5,5.5
2007,B,63.54,5.75,5.75,5.75
2007,B,64.04,6.0,6.0,6.0
2007,B,64.54,6.25,6.25,6.25
2007,B,65.04,6.5,6.5,6.5
2007,B,65.55,6.75,6.75,6.75
2007,B,66.05,7.0,7.0,7.0
2007,B,66.55,7.25,7.25,7.25
2007,B,67.05,7.5,7.5,7.5
2007,B,67.55,7.75,7.75,7.75
2007,B,68.05,8.0,8.0,8.0
2007,B,68.55,8.25,8.25,8.25
2007,B,69.05,8.5,8.5,8.5
2007,B,69.55,8.75,8.75,8.75
2007,B,70.05,9.0,9.0,9.0
2007,B,70.55,9.25,9.25,9.25
2007,B,71.05,9.5,9.5,9.5
2007,B,71.55,9.75,9.75,9.75
2007,B,72.05,10.0,10.0,10.0
2007,B,72.55,10.25,10.25,10.25
2007,B,73.05,10.5,10.5,10.5
2007,B,73.55,10.75,10.75,10.75
2007,B,74.05,11.0,11.0,11.0
2007,B,74.55,11.25,11.25,11.25
2007,B,75.05,11.5,11.5,11.5
2007,B,75.55,11.75,11.75,11.76
2007,B,76.05,12.0,12.0,12.01
2007,B,76.55,12.25,12.25,12.26
2007,B,77.05,12.5,12.5,12.51
2007,B,77.55,12.75,12.75,12.76
2007,B,78.05,13.0,13.0,13.01
2007,B,78.55,13.25,13.25,13.26
2007,B,79.05,13.5,13.5,13.51
2007,B,79.55,13.75,13.76,13.76
2007,B,80.05,14.0,14.01,14.01
2007,B,80.55,14.25,14.26,14.26
2007,B,81.05,14.5,14.51,14.51
2007,B,81.55,14.75,14.76,14.76
2007,B,82.05,15.01,15.01,15.01
2007,B,82.55,15.26,15.26,15.26
2007,B,83.05,15.51,15.51,15.51
2007,B,83.55,15.76,15.76,15.76
2007,B,84.05,16.01,16.01,16.01
2007,B,84.55,16.26,16.26,16.26
2007,B,85.05,16.51,16.51,16.51
2007,B,85.55,16.76,16.76,16.76
2007,B,86.05,17.01,17.01,17.01
2007,B,86.55,17.26,17.26,17.26
2007,B,87.05,17.51,17.51,17.51
2007,B,87.55,17.76,17.76,17.76
2007,B,88.05,18.01,18.01,18.01
2007,B,88.55,18.26,18.26,18.26
2007,B,89.05,18.51,18.51,18.51
2007,B,89.55,18.76,18.76,18.76
2007,B,90.05,19.01,19.01,19.01
2007,B,90.56,19.26,19.26,19.26
2007,B,91.06,19.51,19.51,19.51
2007,B,91.56,19.76,19.76,19.76
2007,B,92.06,20.01,20.01,20.01
2007,B,92.56,20.26,20.26,20.26
2007,B,93.06,20.51,20.51,20.51
2007,B,93.56,20.76,20.76,20.76
2007,B,94.06,21.01,21.01,21.01
2007,B,94.56,21.26,21.26,21.26
2007,B,95.06,21.51,21.51,21.51
2007,B,95.56,21.76,21.76,21.76
2007,B,96.06,22.01,22.01,22.01
2007,B,96.56,22.26,22.26,22.26
2007,B,97.06,22.51,22.51,22.51
2007,B,97.56,22.76,22.76,22.76
2007,B,98.06,23.01,23.01,23.01
2007,B,98.56,23.26,23.26,23.26
2007,B,99.06,23.51,23.51,23.51
2007,B,99.56,23.76,23.76,23.76
2007,B,100.06,24.01,24.01,24.01
2007,B,100.56,24.26,24.26,24.26
2007,B,101.06,24.51,24.51,24.51
2007,B,101.56,24.76,24.76,24.76
2007,B,102.06,25.01,25.01,25.01
2007,B,102.56,25.26,25.26,25.26
2007,B,103.06,25.51,25.51,25.51
2007,B,103.56,25.76,25.76,25.76
2007,B,104.06,26.01,26.01,26.01
2007,B,104.56,26.26,26.26,26.26
2007,B,105.06,26.51,26.51,26.51
2007,B,105.56,26.76,26.76,26.76
2007,B,106.06,27.01,27.01,27.01
2007,B,106.56,27.26,27.26,27.26
2007,B,107.06,27.51,27.51,27.51
2007,B,107.56,27.76,27.76,27.76
2007,B,108.06,28.01,28.01,28.01
2007,B,108.56,28.26,28.26,28.26
2007,B,109.06,28.51,28.51,28.51
2007,B,109.56,28.76,28.76,28.76
2007,B,110.06,29.01,29.01,29.01
2007,B,110.56,29.26,29.26,29.26
2007,B,111.06,29.51,29.51,29.51
2007,B,111.56,29.76,29.76,29.76
2007,B,112.06,30.01,30.01,30.01
2007,B,112.56,30.26,30.26,30.26
2007,B,113.06,30.51,30.51,30.51
2007,B,113.57,30.76,30.76,30.76
2007,B,114.07,31.01,31.01,31.01
2007,B,114.57,31.26,31.26,31.26
2007,B,115.07,31.51,31.51,31.51
2007,B,115.57,31.76,31.76,31.76
2007,B,116.07,32.01,32.01,32.01
2007,B,116.57,32.26,32.26,32.26
2007,B,117.07,32.51,32.51,32.51
2007,B,117.57,32.76,32.76,32.76
2007,B,118.07,33.01,33.01,33.01
2007,B,118.57,33.26,33.26,33.26
2007,B,119.07,33.51,33.51,33.51
2007,B,119.57,33.76,33.76,33.76
2007,B,120.07,34.01,34.01,34.01
2007,B,120.57,34.26,34.26,34.26
2007,B,121.07,34.51,34.51,34.51
2007,B,121.57,34.76,34.76,34.76
2007,B,122.07,35.01,35.01,35.01
2007,B,122.57,35.26,35.26,35.26
2008,B,0.0,100.0,100.0,100.0
2008,B,0.5,100.0,100.0,100.0
2008,B,1.0,100.0,100.0,100.0
2008,B,1.5,100.0,100.0,100.0
2008,B,2.0,100.0,100.0,100.0
2008,B,2.5,100.0,100.0,100.0
2008,B,3.0,100.0,100.0,100.0
2008,B,3.5,100.0,100.0,100.0
2008,B,4.01,100.0,100.0,100.0
2008,B,4.51,100.0,100.0,100.0
2008,B,5.01,100.0,100.0,100.0
2008,B,5.51,100.0,100.0,100.0
2008,B,6.01,100.0,100.0,100.0
2008,B,6.51,100.0,100.0,100.0
2008,B,7.01,100.0,100.0,100.0
2008,B,7.51,97.5,97.5,97.5
2008,B,8.01,94.99,95.0,95.0
2008,B,8.51,92.48,93.41,95.25
2008,B,9.01,92.73,93.66,95.5
2008,B,9.51,92.98,93.91,95.75
2008,B,10.01,93.23,94.16,96.0
2008,B,10.51,93.48,94.41,96.25
2008,B,11.01,93.73,94.66,96.5
2008,B,11.51,93.98,94.91,96.75
2008,B,12.01,94.23,95.16,97.0
2008,B,12.52,91.73,92.66,94.5
2008,B,13.02,89.23,90.16,92.0
2008,B,13.52,86.73,87.65,89.5
2008,B,14.02,84.22,85.15,87.0
2008,B,14.52,81.72,82.65,84.49
2008,B,15.02,79.22,80.15,81.99
2008,B,15.52,76.72,77.64,79.49
2008,B,16.02,74.21,75.14,76.99
2008,B,16.52,71.71,72.64,74.49
2008,B,17.02,69.21,70.14,71.99
2008,B,17.52,66.7,68.47,69.49
2008,B,18.02,64.2,65.13,66.99
2008,B,18.52,61.69,62.63,64.49
2008,B,19.02,59.19,60.12,61.98
2008,B,19.52,56.69,58.46,59.48
2008,B,20.02,54.19,55.95,56.98
2008,B,20.52,54.44,55.37,57.23
2008,B,21.02,54.69,55.62,57.48
2008,B,21.52,54.94,55.87,57.73
2008,B,22.03,55.19,56.12,57.98
2008,B,22.53,55.44,56.37,58.23
2008,B,23.03,55.69,56.62,58.48
2008,B,23.53,55.94,56.87,58.73
2008,B,24.03,56.19,57.12,58.98
2008,B,24.53,53.69,54.62,56.48
2008,B,25.03,51.18,52.12,53.98
2008,B,25.53,48.68,49.62,51.48
2008,B,26.03,46.18,47.12,48.98
2008,B,26.53,43.68,44.62,46.48
2008,B,27.03,41.18,42.12,43.98
2008,B,27.53,38.68,39.62,41.48
2008,B,28.03,36.18,37.11,38.98
2008,B,28.53,33.68,34.61,36.48
2008,B,29.03,31.18,32.11,33.97
2008,B,29.53,28.67,29.61,31.47
2008,B,30.03,26.17,27.11,28.97
2008,B,30.53,23.67,24.61,26.47
2008,B,31.03,21.17,22.11,23.97
2008,B,31.53,18.67,19.6,21.47
2008,B,32.03,16.17,17.1,18.97
2008,B,32.53,13.67,14.6,16.47
2008,B,33.03,11.17,12.1,13.97
2008,B,33.53,8.67,9.6,11.47
2008,B,34.03,6.16,7.1,8.97
2008,B,34.54,3.66,4.6,6.46
2008,B,35.04,1.16,2.1,3.96
2008,B,35.54,0.0,0.49,1.46
2008,B,36.04,0.0,0.0,0.0
2008,B,36.54,0.0,0.0,0.0
2008,B,37.04,0.0,0.0,0.0
2008,B,37.54,0.0,0.0,0.0
2008,B,38.04,0.0,0.0,0.0
2008,B,38.54,0.0,0.0,0.0
2008,B,39.04,0.0,0.0,0.0
2008,B,39.54,0.0,0.0,0.0
2008,B,40.04,0.0,0.0,0.0
2008,B,40.54,0.0,0.0,0.0
2008,B,41.04,0.0,0.0,0.0
2008,B,41.54,0.0,0.0,0.0
2008,B,42.04,0.0,0.0,0.0
2008,B,42.54,0.0,0.0,0.0
2008,B,43.04,0.0,0.0,0.0
2008,B,43.54,0.0,0.0,0.0
2008,B,44.04,0.0,0.0,0.0
2008,B,44.54,0.0,0.0,0.0
2008,B,45.04,0.0,0.0,0.0
2008,B,45.54,0.0,0.0,0.0
2008,B,46.04,0.0,0.0,0.0
2008,B,46.54,0.0,0.0,0.0
2008,B,47.04,0.0,0.0,0.0
2008,B,47.54,0.0,0.0,0.0
2008,B,48.04,0.0,0.0,0.0
2008,B,48.54,0.0,0.0,0.0
2008,B,49.04,0.0,0.0,0.0
2008,B,49.54,0.0,0.0,0.0
2008,B,50.04,0.0,0.0,0.0
2008,B,50.54,0.0,0.0,0.0
2008,B,51.04,0.0,0.0,0.0
2008,B,51.54,0.0,0.0,0.0
2008,B,52.04,0.0,0.0,0.0
2008,B,52.54,0.25,0.25,0.25
2008,B,53.04,0.5,0.5,0.5
2008,B,53.54,0.75,0.75,0.75
2008,B,54.04,1.0,1.0,1.0
2008,B,54.54,1.25,1.25,1.25
2008,B,55.04,1.5,1.5,1.5
2008,B,55.54,1.75,1.75,1.75
2008,B,56.04,2.0,2.0,2.0
2008,B,56.54,2.25,2.25,2.25
2008,B,57.04,2.5,2.5,2.5
2008,B,57.54,2.75,2.75,2.75
2008,B,58.04,3.0,3.0,3.0
2008,B,58.55,3.25,3.25,3.25
2008,B,59.05,3.5,3.5,3.5
2008,B,59.55,3.75,3.75,3.75
2008,B,60.05,4.0,4.0,4.0
2008,B,60.55,4.25,4.25,4.25
2008,B,61.05,4.5,4.5,4.5
2008,B,61.55,4.75,4.75,4.75
2008,B,62.05,5.0,5.0,5.0
2008,B,62.55,5.25,5.25,5.25
2008,B,63.05,5.5,5.5,5.5
2008,B,63.55,5.75,5.75,5.75
2008,B,64.05,6.0,6.0,6.0
2008,B,64.55,6.25,6.25,6.25
2008,B,65.05,6.5,6.5,6.5
2008,B,65.55,6.75,6.75,6.75
2008,B,66.05,7.0,7.0,7.0
2008,B,66.55,7.25,7.25,7.25
2008,B,67.05,7.5,7.5,7.5
2008,B,67.55,7.75,7.75,7.75
2008,B,68.05,8.0,8.0,8.0
2008,B,68.55,8.25,8.25,8.25
2008,B,69.05,8.5,8.5,8.5
2008,B,69.55,8.75,8.75,8.75
2008,B,70.05,9.0,9.0,9.0
2008,B,70.55,9.25,9.25,9.25
2008,B,71.05,9.5,9.5,9.5
2008,B,71.55,9.75,9.75,9.75
2008,B,72.05,10.0,10.0,10.0
2008,B,72.55,10.25,10.25,10.25
2008,B,73.05,10.5,10.5,10.5
2008,B,73.55,10.75,10.75,10.75
2008,B,74.05,11.0,11.0,11.0
2008,B,74.55,11.25,11.25,11.25
2008,B,75.05,11.5,11.5,11.5
2008,B,75.55,11.75,11.75,11.75
2008,B,76.05,12.0,12.0,12.0
2008,B,76.55,12.25,12.25,12.26
2008,B,77.05,12.5,12.5,12.51
2008,B,77.55,12.75,12.75,12.76
2008,B,78.05,13.0,13.0,13.01
2008,B,78.55,13.25,13.26,13.26
2008,B,79.05,13.51,13.51,13.51
2008,B,79.55,13.76,13.76,13.76
2008,B,80.05,14.01,14.01,14.01
2008,B,80.55,14.26,14.26,14.26
2008,B,81.05,14.51,14.51,14.51
2008,B,81.55,14.76,14.76,14.76
2008,B,82.05,15.01,15.01,15.01
2008,B,82.56,15.26,15.26,15.26
2008,B,83.06,15.51,15.51,15.51
2008,B,83.56,15.76,15.76,15.76
2008,B,84.06,16.01,16.01,16.01
2008,B,84.56,16.26,16.26,16.26
2008,B,85.06,16.51,16.51,16.51
2008,B,85.56,16.76,16.76,16.76
2008,B,86.06,17.01,17.01,17.01
2008,B,86.56,17.26,17.26,17.26
2008,B,87.06,17.51,17.51,17.51
2008,B,87.56,17.76,17.76,17.76
2008,B,88.06,18.01,18.01,18.01
2008,B,88.56,18.26,18.26,18.26
2008,B,89.06,18.51,18.51,18.51
2008,B,89.56,18.76,18.76,18.76
2008,B,90.06,19.01,19.01,19.01
2008,B,90.56,19.26,19.26,19.26
2008,B,91.06,19.51,19.51,19.51
2008,B,91.56,19.76,19.76,19.76
2008,B,92.06,20.01,20.01,20.01
2008,B,92.56,20.26,20.26,20.26
2008,B,93.06,20.51,20.51,20.51
2008,B,93.56,20.76,20.76,20.76
2008,B,94.06,21.01,21.01,21.01
2008,B,94.56,21.26,21.26,21.26
2008,B,95.06,21.51,21.51,21.51
2008,B,95.56,21.76,21.76,21.76
2008,B,96.06,22.01,22.01,22.01
2008,B,96.56,22.26,22.26,22.26
2008,B,97.06,22.51,22.51,22.51
2008,B,97.56,22.76,22.76,22.76
2008,B,98.06,23.01,23.01,23.01
2008,B,98.56,23.26,23.26,23.26
2008,B,99.06,23.51,23.51,23.51
2008,B,99.56,23.76,23.76,23.76
2008,B,100.06,24.01,24.01,24.01
2008,B,100.56,24.26,24.26,24.26
2008,B,101.06,24.51,24.51,24.51
2008,B,101.56,24.76,24.76,24.76
2008,B,102.06,25.01,25.01,25.01
2008,B,102.56,25.26,25.26,25.26
2008,B,103.06,25.51,25.51,25.51
2008,B,103.56,25.76,25.76,25.76
2008,B,104.06,26.01,26.01,26.01
2008,B,104.57,26.26,26.26,26.26
2008,B,105.07,26.51,26.51,26.51
2008,B,105.57,26.76,26.76,26.76
2008,B,106.07,27.01,27.01,27.01
2008,B,106.57,27.26,27.26,27.26
2008,B,107.07,27.51,27.51,27.51
2008,B,107.57,27.76,27.76,27.76
2008,B,108.07,28.01,28.01,28.01
2008,B,108.57,28.26,28.26,28.26
2008,B,109.07,28.51,28.51,28.51
2008,B,109.57,28.76,28.76,28.76
2008,B,110.07,29.01,29.01,29.01
2008,B,110.57,29.26,29.26,29.26
2008,B,111.07,29.51,29.51,29.51
2008,B,111.57,29.76,29.76,29.76
2008,B,112.07,30.01,30.01,30.01
2008,B,112.57,30.26,30.26,30.26
2008,B,113.07,30.51,30.51,30.51
2008,B,113.57,30.76,30.76,30.76
2008,B,114.07,31.01,31.01,31.01
2008,B,114.57,31.26,31.26,31.26
2008,B,115.07,31.51,31.51,31.51
2008,B,115.57,31.76,31.76,31.76
2008,B,116.07,32.01,32.01,32.01
2008,B,116.57,32.26,32.26,32.26
2008,B,117.07,32.51,32.51,32.51
2008,B,117.57,32.76,32.76,32.76
2008,B,118.07,33.01,33.01,33.01
2008,B,118.57,33.26,33.26,33.26
2008,B,119.07,33.51,33.51,33.51
2008,B,119.57,33.76,33.76,33.76
2008,B,120.07,34.01,34.01,34.01
2008,B,120.57,34.26,34.26,34.26
2008,B,121.07,34.51,34.51,34.51
2008,B,121.57,34.76,34.76,34.76
2008,B,122.07,35.01,35.01,35.01
2008,B,122.57,35.26,35.26,35.26
2009,C,0.0,100.0,100.0,100.0
2009,C,0.5,100.0,100.0,100.0
2009,C,1.0,100.0,100.0,100.0
2009,C,1.5,100.0,100.0,100.0
2009,C,2.0,100.0,100.0,100.0
2009,C,2.5,100.0,100.0,100.0
2009,C,3.0,100.0,100.0,100.0
2009,C,3.5,100.0,100.0,100.0
2009,C,4.0,100.0,100.0,100.0
2009,C,4.5,100.0,100.0,100.0
2009,C,5.0,100.0,100.0,100.0
2009,C,5.5,100.0,100.0,100.0
2009,C,6.0,100.0,100.0,100.0
2009,C,6.51,100.0,100.0,100.0
2009,C,7.01,100.0,100.0,100.0
2009,C,7.51,97.5,97.5,97.5
2009,C,8.01,95.0,95.0,95.0
2009,C,8.51,92.49,93.41,95.25
2009,C,9.01,92.75,93.67,95.5
2009,C,9.51,93.0,93.92,95.75
2009,C,10.01,93.25,94.17,96.0
2009,C,10.51,93.5,94.42,96.25
2009,C,11.01,93.75,94.67,96.5
2009,C,11.51,94.0,94.92,96.75
2009,C,12.01,94.25,95.17,97.0
2009,C,12.51,94.5,94.5,94.5
2009,C,13.01,91.99,92.0,92.0
2009,C,13.51,89.49,89.5,89.5
2009,C,14.01,86.99,86.99,87.0
2009,C,14.51,84.49,84.49,84.49
2009,C,15.02,81.99,81.99,81.99
2009,C,15.52,79.49,79.49,79.49
2009,C,16.02,76.99,76.99,76.99
2009,C,16.52,74.49,74.49,74.49
2009,C,17.02,71.99,71.99,71.99
2009,C,17.52,69.49,69.49,69.49
2009,C,18.02,66.99,66.99,66.99
2009,C,18.52,64.48,64.48,64.49
2009,C,19.02,61.98,61.98,61.98
2009,C,19.52,59.48,59.48,59.48
2009,C,20.02,56.97,56.98,56.98
2009,C,20.52,54.47,55.39,57.23
2009,C,21.02,54.72,55.64,57.48
2009,C,21.52,54.97,55.89,57.73
2009,C,22.02,55.22,56.14,57.98
2009,C,22.52,55.47,56.39,58.23
2009,C,23.02,55.72,56.64,58.48
2009,C,23.52,55.97,56.89,58.73
2009,C,24.03,56.22,57.14,58.98
2009,C,24.53,56.47,56.48,56.48
2009,C,25.03,53.97,53.98,53.98
2009,C,25.53,51.47,51.48,51.48
2009,C,26.03,48.97,48.98,48.98
2009,C,26.53,46.47,46.47,46.48
2009,C,27.03,43.97,43.97,43.98
2009,C,27.53,41.47,41.47,41.48
2009,C,28.03,38.97,38.97,38.98
2009,C,28.53,36.47,36.47,36.47
2009,C,29.03,33.97,33.97,33.97
2009,C,29.53,31.46,31.47,31.47
2009,C,30.03,28.96,28.97,28.97
2009,C,30.53,26.46,26.46,26.47
2009,C,31.03,23.96,23.96,23.97
2009,C,31.53,21.46,21.46,21.47
2009,C,32.03,18.95,18.96,18.97
2009,C,32.53,16.45,16.46,16.47
2009,C,33.03,13.95,13.96,13.97
2009,C,33.53,11.45,11.46,11.46
2009,C,34.03,8.95,8.95,8.96
2009,C,34.53,6.45,6.45,6.46
2009,C,35.03,3.95,3.95,3.96
2009,C,35.53,1.45,1.45,1.46
2009,C,36.03,0.0,0.0,0.0
2009,C,36.53,0.0,0.0,0.0
2009,C,37.03,0.0,0.0,0.0
2009,C,37.53,0.0,0.0,0.0
2009,C,38.03,0.0,0.0,0.0
2009,C,38.53,0.0,0.0,0.0
2009,C,39.03,0.0,0.0,0.0
2009,C,39.53,0.0,0.0,0.0
2009,C,40.03,0.0,0.0,0.0
2009,C,40.53,0.0,0.0,0.0
2009,C,41.03,0.0,0.0,0.0
2009,C,41.53,0.0,0.0,0.0
2009,C,42.03,0.0,0.0,0.0
2009,C,42.53,0.0,0.0,0.0
2009,C,43.03,0.0,0.0,0.0
2009,C,43.53,0.0,0.0,0.0
2009,C,44.03,0.0,0.0,0.0
2009,C,44.53,0.0,0.0,0.0
2009,C,45.03,0.0,0.0,0.0
2009,C,45.53,0.0,0.0,0.0
2009,C,46.03,0.0,0.0,0.0
2009,C,46.54,0.0,0.0,0.0
2009,C,47.04,0.0,0.0,0.0
2009,C,47.54,0.0,0.0,0.0
2009,C,48.04,0.0,0.0,0.0
2009,C,48.54,0.0,0.0,0.0
2009,C,49.04,0.0,0.0,0.0
2009,C,49.54,0.0,0.0,0.0
2009,C,50.04,0.0,0.0,0.0
2009,C,50.54,0.0,0.0,0.0
2009,C,51.04,0.0,0.0,0.0
2009,C,51.54,0.0,0.0,0.0
2009,C,52.04,0.0,0.0,0.0
2009,C,52.54,0.0,0.17,0.25
2009,C,53.04,0.25,0.42,0.5
2009,C,53.54,0.5,0.67,0.75
2009,C,54.04,0.75,0.92,1.0
2009,C,54.54,1.0,1.17,1.25
2009,C,55.04,1.25,1.42,1.5
2009,C,55.54,1.5,1.67,1.75
2009,C,56.04,1.75,1.92,2.0
2009,C,56.54,2.0,2.17,2.25
2009,C,57.04,2.25,2.42,2.5
2009,C,57.54,2.5,2.67,2.75
2009,C,58.04,2.75,2.92,3.0
2009,C,58.54,3.0,3.17,3.25
2009,C,59.04,3.25,3.42,3.5
2009,C,59.54,3.5,3.67,3.75
2009,C,60.04,3.75,3.92,4.0
2009,C,60.54,4.0,4.17,4.25
2009,C,61.04,4.25,4.42,4.5
2009,C,61.54,4.5,4.67,4.75
2009,C,62.04,4.75,4.92,5.0
2009,C,62.54,5.0,5.17,5.25
2009,C,63.04,5.25,5.42,5.5
2009,C,63.54,5.5,5.67,5.75
2009,C,64.04,5.75,5.92,6.0
2009,C,64.54,6.0,6.17,6.25
2009,C,65.04,6.25,6.42,6.5
2009,C,65.54,6.5,6.67,6.75
2009,C,66.04,6.75,6.92,7.0
2009,C,66.54,7.0,7.17,7.25
2009,C,67.04,7.25,7.42,7.5
2009,C,67.54,7.5,7.67,7.75
2009,C,68.04,7.75,7.92,8.0
2009,C,68.54,8.0,8.17,8.25
2009,C,69.04,8.25,8.42,8.5
2009,C,69.54,8.5,8.67,8.75
2009,C,70.04,8.75,8.92,9.0
2009,C,70.54,9.0,9.17,9.25
2009,C,71.04,9.25,9.42,9.5
2009,C,71.55,9.5,9.67,9.75
2009,C,72.05,9.75,9.92,10.0
2009,C,72.55,10.0,10.17,10.25
2009,C,73.05,10.25,10.42,10.5
2009,C,73.55,10.5,10.67,10.75
2009,C,74.05,10.75,10.92,11.0
2009,C,74.55,11.0,11.17,11.25
2009,C,75.05,11.25,11.42,11.5
2009,C,75.55,11.5,11.67,11.75
2009,C,76.05,11.75,11.92,12.0
2009,C,76.55,12.0,12.17,12.25
2009,C,77.05,12.25,12.42,12.5
2009,C,77.55,12.51,12.67,12.75
2009,C,78.05,12.76,12.92,13.0
2009,C,78.55,13.01,13.17,13.26
2009,C,79.05,13.26,13.42,13.51
2009,C,79.55,13.51,13.67,13.76
2009,C,80.05,13.76,13.92,14.01
2009,C,80.55,14.01,14.17,14.26
2009,C,81.05,14.26,14.43,14.51
2009,C,81.55,14.51,14.68,14.76
2009,C,82.05,14.76,14.93,15.01
2009,C,82.55,15.01,15.18,15.26
2009,C,83.05,15.26,15.43,15.51
2009,C,83.55,15.51,15.68,15.76
2009,C,84.05,15.76,15.93,16.01
2009,C,84.55,16.01,16.18,16.26
2009,C,85.05,16.26,16.43,16.51
2009,C,85.55,16.51,16.68,16.76
2009,C,86.05,16.76,16.93,17.01
2009,C,86.55,17.01,17.18,17.26
2009,C,87.05,17.26,17.43,17.51
2009,C,87.55,17.51,17.68,17.76
2009,C,88.05,17.76,17.93,18.01
2009,C,88.55,18.01,18.18,18.26
2009,C,89.05,18.26,18.43,18.51
2009,C,89.55,18.51,18.68,18.76
2009,C,90.05,18.76,18.93,19.01
2009,C,90.55,19.01,19.18,19.26
2009,C,91.05,19.26,19.43,19.51
2009,C,91.55,19.51,19.68,19.76
2009,C,92.05,19.76,19.93,20.01
2009,C,92.55,20.01,20.18,20.26
2009,C,93.05,20.26,20.43,20.51
2009,C,93.55,20.51,20.68,20.76
2009,C,94.05,20.76,20.93,21.01
2009,C,94.55,21.01,21.18,21.26
2009,C,95.05,21.26,21.43,21.51
2009,C,95.55,21.51,21.68,21.76
2009,C,96.06,21.76,21.93,22.01
2009,C,96.56,22.01,22.18,22.26
2009,C,97.06,22.26,22.43,22.51
2009,C,97.56,22.51,22.68,22.76
2009,C,98.06,22.76,22.93,23.01
2009,C,98.56,23.01,23.18,23.26
2009,C,99.06,23.26,23.43,23.51
2009,C,99.56,23.51,23.68,23.76
2009,C,100.06,23.76,23.93,24.01
2009,C,100.56,24.01,24.18,24.26
2009,C,101.06,24.26,24.43,24.51
2009,C,101.56,24.51,24.68,24.76
2009,C,102.06,24.76,24.93,25.01
2009,C,102.56,25.01,25.18,25.26
2009,C,103.06,25.26,25.43,25.51
2009,C,103.56,25.51,25.68,25.76
2009,C,104.06,25.76,25.93,26.01
2009,C,104.56,26.01,26.18,26.26
2009,C,105.06,26.26,26.43,26.51
2009,C,105.56,26.51,26.68,26.76
2009,C,106.06,26.76,26.93,27.01
2009,C,106.56,27.01,27.18,27.26
2009,C,107.06,27.26,27.43,27.51
2009,C,107.56,27.51,27.68,27.76
2009,C,108.06,27.76,27.93,28.01
2009,C,108.56,28.01,28.18,28.26
2009,C,109.06,28.26,28.43,28.51
2009,C,109.56,28.51,28.68,28.76
2009,C,110.06,28.76,28.93,29.01
2009,C,110.56,29.01,29.18,29.26
2009,C,111.06,29.26,29.43,29.51
2009,C,111.56,29.51,29.68,29.76
2009,C,112.06,29.76,29.93,30.01
2009,C,112.56,30.01,30.18,30.26
2009,C,113.06,30.26,30.43,30.51
2009,C,113.56,30.51,30.68,30.76
2009,C,114.06,30.76,30.93,31.01
2009,C,114.56,31.01,31.18,31.26
2009,C,115.06,31.26,31.43,31.51
2009,C,115.56,31.51,31.68,31.76
2009,C,116.06,31.76,31.93,32.01
2009,C,116.56,32.01,32.18,32.26
2009,C,117.06,32.26,32.43,32.51
2009,C,117.56,32.51,32.68,32.76
2009,C,118.06,32.76,32.93,33.01
2009,C,118.56,33.01,33.18,33.26
2009,C,119.06,33.26,33.43,33.51
2009,C,119.57,33.51,33.68,33.76
2009,C,120.07,33.76,33.93,34.01
2009,C,120.57,34.01,34.18,34.26
2009,C,121.07,34.26,34.43,34.51
2009,C,121.57,34.51,34.68,34.76
2009,C,122.07,34.76,34.93,35.01
2009,C,122.57,35.01,35.18,35.26
2010,B,0.0,100.0,100.0,100.0
2010,B,0.5,100.0,100.0,100.0
2010,B,1.0,100.0,100.0,100.0
2010,B,1.5,100.0,100.0,100.0
2010,B,2.0,100.0,100.0,100.0
2010,B,2.5,100.0,100.0,100.0
2010,B,3.0,100.0,100.0,100.0
2010,B,3.5,100.0,100.0,100.0
2010,B,4.0,100.0,100.0,100.0
2010,B,4.5,100.0,100.0,100.0
2010,B,5.01,100.0,100.0,100.0
2010,B,5.51,100.0,100.0,100.0
2010,B,6.01,100.0,100.0,100.0
2010,B,6.51,100.0,100.0,100.0
2010,B,7.01,100.0,100.0,100.0
2010,B,7.51,97.5,97.5,97.5
2010,B,8.01,94.99,95.0,95.0
2010,B,8.51,92.49,93.41,95.25
2010,B,9.01,92.74,93.66,95.5
2010,B,9.51,92.99,93.91,95.75
2010,B,10.01,93.24,94.16,96.0
2010,B,10.51,93.49,94.41,96.25
2010,B,11.01,93.75,94.67,96.5
2010,B,11.51,94.0,94.92,96.75
2010,B,12.01,94.25,95.17,97.0
2010,B,12.52,91.74,92.66,94.5
2010,B,13.02,89.24,90.16,92.0
2010,B,13.52,86.74,88.58,92.25
2010,B,14.02,84.24,86.08,89.75
2010,B,14.52,81.74,83.57,87.24
2010,B,15.02,79.23,81.07,84.74
2010,B,15.52,76.73,78.57,82.24
2010,B,16.02,74.23,76.07,79.74
2010,B,16.52,71.73,73.57,77.24
2010,B,17.02,69.23,71.07,74.74
2010,B,17.52,66.73,69.4,72.24
2010,B,18.02,64.23,66.9,69.74
2010,B,18.52,61.72,64.39,67.24
2010,B,19.02,59.22,61.89,64.74
2010,B,19.52,56.71,59.38,62.24
2010,B,20.02,54.21,56.88,59.73
2010,B,20.52,51.71,55.3,59.98
2010,B,21.02,51.96,55.55,60.23
2010,B,21.52,52.21,55.8,60.48
2010,B,22.02,52.46,56.05,60.73
2010,B,22.52,52.71,56.3,60.99
2010,B,23.02,52.96,56.55,61.24
2010,B,23.52,53.21,56.8,61.49
2010,B,24.02,53.46,57.05,61.74
2010,B,24.52,50.96,55.46,59.23
2010,B,25.02,48.45,52.96,56.73
2010,B,25.52,45.95,50.46,54.23
2010,B,26.02,43.45,47.96,51.73
2010,B,26.52,40.95,45.46,49.23
2010,B,27.02,38.44,42.95,46.73
2010,B,27.52,35.94,40.45,44.23
2010,B,28.02,33.44,37.95,41.73
2010,B,28.52,30.94,35.45,39.23
2010,B,29.02,28.44,32.95,36.72
2010,B,29.53,25.93,30.45,34.22
2010,B,30.03,23.43,27.94,31.72
2010,B,30.53,20.92,25.44,29.22
2010,B,31.03,18.42,22.94,26.72
2010,B,31.53,15.92,20.44,24.22
2010,B,32.03,13.42,17.94,21.72
2010,B,32.53,10.92,16.36,21.97
2010,B,33.03,8.42,13.85,19.47
2010,B,33.53,5.92,11.35,16.97
2010,B,34.03,3.42,8.85,14.47
2010,B,34.53,0.92,6.35,11.96
2010,B,35.03,0.0,4.38,9.46
2010,B,35.53,0.0,2.71,6.96
2010,B,36.03,0.0,1.49,4.46
2010,B,36.53,0.0,0.65,1.96
2010,B,37.03,0.0,0.0,0.0
2010,B,37.53,0.0,0.0,0.0
2010,B,38.03,0.0,0.0,0.0
2010,B,38.53,0.0,0.0,0.0
2010,B,39.03,0.0,0.0,0.0
2010,B,39.53,0.0,0.0,0.0
2010,B,40.03,0.0,0.0,0.0
2010,B,40.53,0.0,0.0,0.0
2010,B,41.03,0.0,0.0,0.0
2010,B,41.53,0.0,0.0,0.0
2010,B,42.03,0.0,0.0,0.0
2010,B,42.53,0.0,0.0,0.0
2010,B,43.03,0.0,0.0,0.0
2010,B,43.54,0.0,0.0,0.0
2010,B,44.04,0.0,0.0,0.0
2010,B,44.54,0.0,0.0,0.0
2010,B,45.04,0.0,0.0,0.0
2010,B,45.54,0.0,0.0,0.0
2010,B,46.04,0.0,0.0,0.0
2010,B,46.54,0.0,0.0,0.0
2010,B,47.04,0.0,0.0,0.0
2010,B,47.54,0.0,0.0,0.0
2010,B,48.04,0.0,0.0,0.0
2010,B,48.54,0.0,0.0,0.0
2010,B,49.04,0.0,0.0,0.0
2010,B,49.54,0.0,0.0,0.0
2010,B,50.04,0.0,0.0,0.0
2010,B,50.54,0.0,0.0,0.0
2010,B,51.04,0.0,0.0,0.0
2010,B,51.54,0.0,0.0,0.0
2010,B,52.04,0.0,0.0,0.0
2010,B,52.54,0.25,0.25,0.25
2010,B,53.04,0.5,0.5,0.5
2010,B,53.54,0.75,0.75,0.75
2010,B,54.04,1.0,1.0,1.0
2010,B,54.54,1.25,1.25,1.25
2010,B,55.04,1.5,1.5,1.5
2010,B,55.54,1.75,1.75,1.75
2010,B,56.04,2.0,2.0,2.0
2010,B,56.54,2.25,2.25,2.25
2010,B,57.04,2.5,2.5,2.5
2010,B,57.54,2.75,2.75,2.75
2010,B,58.04,3.0,3.0,3.0
2010,B,58.54,3.25,3.25,3.25
2010,B,59.04,3.5,3.5,3.5
2010,B,59.54,3.75,3.75,3.75
2010,B,60.04,4.0,4.0,4.0
2010,B,60.54,4.25,4.25,4.25
2010,B,61.04,4.5,4.5,4.5
2010,B,61.54,4.75,4.75,4.75
2010,B,62.04,5.0,5.0,5.0
2010,B,62.54,5.25,5.25,5.25
2010,B,63.04,5.5,5.5,5.5
2010,B,63.54,5.75,5.75,5.75
2010,B,64.04,6.0,6.0,6.0
2010,B,64.54,6.25,6.25,6.25
2010,B,65.04,6.5,6.5,6.5
2010,B,65.54,6.75,6.75,6.75
2010,B,66.04,7.0,7.0,7.0
2010,B,66.54,7.25,7.25,7.25
2010,B,67.04,7.5,7.5,7.5
2010,B,67.55,7.75,7.75,7.75
2010,B,68.05,8.0,8.0,8.0
2010,B,68.55,8.25,8.25,8.25
2010,B,69.05,8.5,8.5,8.5
2010,B,69.55,8.75,8.75,8.75
2010,B,70.05,9.0,9.0,9.0
2010,B,70.55,9.25,9.25,9.25
2010,B,71.05,9.5,9.5,9.5
2010,B,71.55,9.75,9.75,9.75
2010,B,72.05,10.0,10.0,10.0
2010,B,72.55,10.25,10.25,10.25
2010,B,73.05,10.5,10.5,10.5
2010,B,73.55,10.75,10.75,10.75
2010,B,74.05,11.0,11.0,11.0
2010,B,74.55,11.25,11.25,11.26
2010,B,75.05,11.5,11.5,11.51
2010,B,75.55,11.75,11.75,11.76
2010,B,76.05,12.0,12.0,12.01
2010,B,76.55,12.25,12.25,12.26
2010,B,77.05,12.5,12.5,12.51
2010,B,77.55,12.75,12.75,12.76
2010,B,78.05,13.0,13.0,13.01
2010,B,78.55,13.25,13.26,13.26
2010,B,79.05,13.5,13.51,13.51
2010,B,79.55,13.75,13.76,13.76
2010,B,80.05,14.0,14.01,14.01
2010,B,80.55,14.26,14.26,14.26
2010,B,81.05,14.51,14.51,14.51
2010,B,81.55,14.76,14.76,14.76
2010,B,82.05,15.01,15.01,15.01
2010,B,82.55,15.26,15.26,15.26
2010,B,83.05,15.51,15.51,15.51
2010,B,83.55,15.76,15.76,15.76
2010,B,84.05,16.01,16.01,16.01
2010,B,84.55,16.26,16.26,16.26
2010,B,85.05,16.51,16.51,16.51
2010,B,85.55,16.76,16.76,16.76
2010,B,86.05,17.01,17.01,17.01
2010,B,86.55,17.26,17.26,17.26
2010,B,87.05,17.51,17.51,17.51
2010,B,87.55,17.76,17.76,17.76
2010,B,88.05,18.01,18.01,18.01
2010,B,88.55,18.26,18.26,18.26
2010,B,89.05,18.51,18.51,18.51
2010,B,89.55,18.76,18.76,18.76
2010,B,90.05,19.01,19.01,19.01
2010,B,90.55,19.26,19.26,19.26
2010,B,91.05,19.51,19.51,19.51
2010,B,91.55,19.76,19.76,19.76
2010,B,92.05,20.01,20.01,20.01
2010,B,92.55,20.26,20.26,20.26
2010,B,93.05,20.51,20.51,20.51
2010,B,93.55,20.76,20.76,20.76
2010,B,94.05,21.01,21.01,21.01
2010,B,94.55,21.26,21.26,21.26
2010,B,95.05,21.51,21.51,21.51
2010,B,95.55,21.76,21.76,21.76
2010,B,96.05,22.01,22.01,22.01
2010,B,96.55,22.26,22.26,22.26
2010,B,97.06,22.51,22.51,22.51
2010,B,97.56,22.76,22.76,22.76
2010,B,98.06,23.01,23.01,23.01
2010,B,98.56,23.26,23.26,23.26
2010,B,99.06,23.51,23.51,23.51
2010,B,99.56,23.76,23.76,23.76
2010,B,100.06,24.01,24.01,24.01
2010,B,100.56,24.26,24.26,24.26
2010,B,101.06,24.51,24.51,24.51
2010,B,101.56,24.76,24.76,24.76
2010,B,102.06,25.01,25.01,25.01
2010,B,102.56,25.26,25.26,25.26
2010,B,103.06,25.51,25.51,25.51
2010,B,103.56,25.76,25.76,25.76
2010,B,104.06,26.01,26.01,26.01
2010,B,104.56,26.26,26.26,26.26
2010,B,105.06,26.51,26.51,26.51
2010,B,105.56,26.76,26.76,26.76
2010,B,106.06,27.01,27.01,27.01
2010,B,106.56,27.26,27.26,27.26
2010,B,107.06,27.51,27.51,27.51
2010,B,107.56,27.76,27.76,27.76
2010,B,108.06,28.01,28.01,28.01
2010,B,108.56,28.26,28.26,28.26
2010,B,109.1,28.52,28.52,28.52
2010,B,109.6,28.77,28.77,28.77
2010,B,110.1,29.02,29.02,29.02
2010,B,110.6,29.27,29.27,29.27
2010,B,111.1,29.52,29.52,29.52
2010,B,111.6,29.77,29.77,29.78
2010,B,112.1,30.02,30.02,30.03
2010,B,112.6,30.27,30.27,30.28
2010,B,113.1,30.52,30.52,30.53
2010,B,113.6,30.77,30.77,30.78
2010,B,114.1,31.02,31.02,31.03
2010,B,114.6,31.27,31.27,31.28
2010,B,115.1,31.52,31.52,31.53
2010,B,115.6,31.77,31.77,31.78
2010,B,116.1,32.02,32.02,32.03
2010,B,116.6,32.27,32.27,32.28
2010,B,117.1,32.52,32.53,32.53
2010,B,117.6,32.77,32.78,32.78
2010,B,118.1,33.02,33.03,33.03
2010,B,118.6,33.27,33.28,33.28
2010,B,119.1,33.52,33.53,33.53
2010,B,119.6,33.77,33.78,33.78
2010,B,120.1,34.02,34.03,34.03
2010,B,120.6,34.27,34.28,34.28
2010,B,121.1,34.52,34.53,34.53
2010,B,121.6,34.77,34.78,34.78
2010,B,122.1,35.02,35.03,35.03
2010,B,122.6,35.27,35.28,35.28
2011,B,0.0,100.0,100.0,100.0
2011,B,0.52,100.0,100.0,100.0
2011,B,1.02,100.0,100.0,100.0
2011,B,1.52,100.0,100.0,100.0
2011,B,2.02,100.0,100.0,100.0
2011,B,2.52,100.0,100.0,100.0
2011,B,3.02,100.0,100.0,100.0
2011,B,3.52,100.0,100.0,100.0
2011,B,4.02,100.0,100.0,100.0
2011,B,4.52,100.0,100.0,100.0
2011,B,5.03,100.0,100.0,100.0
2011,B,5.53,100.0,100.0,100.0
2011,B,6.03,100.0,100.0,100.0
2011,B,6.53,100.0,100.0,100.0
2011,B,7.03,97.5,99.17,100.0
2011,B,7.53,95.0,96.67,97.5
2011,B,8.03,92.49,94.16,95.0
2011,B,8.53,92.5,93.5,95.25
2011,B,9.03,92.75,93.75,95.5
2011,B,9.53,93.0,94.0,95.75
2011,B,10.03,93.25,94.25,96.0
2011,B,10.53,93.5,94.5,96.25
2011,B,11.03,93.75,94.75,96.5
2011,B,11.54,94.0,95.0,96.75
2011,B,12.04,91.74,94.33,97.0
2011,B,12.54,89.24,91.83,94.5
2011,B,13.04,86.74,89.33,92.0
2011,B,13.54,84.24,86.83,89.5
2011,B,14.04,81.74,84.33,87.0
2011,B,14.54,79.23,81.82,84.49
2011,B,15.04,76.72,78.48,81.99
2011,B,15.54,74.22,75.98,79.49
2011,B,16.04,71.72,73.48,76.99
2011,B,16.54,69.22,70.98,74.49
2011,B,17.04,66.72,68.48,71.99
2011,B,17.54,64.22,66.81,69.49
2011,B,18.04,61.71,64.31,66.99
2011,B,18.54,59.21,61.81,64.49
2011,B,19.04,56.71,59.3,61.98
2011,B,19.54,54.21,56.8,59.48
2011,B,20.04,51.71,54.3,56.98
2011,B,20.54,49.2,51.8,54.48
2011,B,21.04,49.21,51.13,54.73
2011,B,21.54,49.46,51.38,54.98
2011,B,22.04,49.71,51.63,55.23
2011,B,22.54,49.96,51.88,55.48
2011,B,23.04,50.21,52.13,55.73
2011,B,23.55,50.46,52.38,55.98
2011,B,24.05,50.71,52.63,56.23
2011,B,24.55,50.96,52.88,56.48
2011,B,25.05,48.7,51.3,53.98
2011,B,25.55,46.2,48.8,51.48
2011,B,26.05,43.7,46.3,48.98
2011,B,26.55,41.2,43.79,46.48
2011,B,27.05,38.7,41.29,43.98
2011,B,27.55,36.2,38.79,41.48
2011,B,28.05,33.69,36.29,38.98
2011,B,28.55,31.19,33.79,36.47
2011,B,29.05,28.69,31.29,33.97
2011,B,29.55,26.19,28.79,31.47
2011,B,30.05,23.68,25.45,28.97
2011,B,30.55,21.18,22.95,26.47
2011,B,31.05,18.68,20.45,23.97
2011,B,31.55,16.18,17.95,21.47
2011,B,32.05,13.68,15.45,18.97
2011,B,32.55,11.17,12.94,16.47
2011,B,33.05,8.67,10.44,13.97
2011,B,33.55,6.17,7.94,11.46
2011,B,34.05,3.67,5.44,8.96
2011,B,34.55,1.17,2.94,6.46
2011,B,35.05,0.0,1.32,3.96
2011,B,35.55,0.0,0.49,1.46
2011,B,36.05,0.0,0.0,0.0
2011,B,36.55,0.0,0.0,0.0
2011,B,37.05,0.0,0.0,0.0
2011,B,37.55,0.0,0.0,0.0
2011,B,38.05,0.0,0.0,0.0
2011,B,38.55,0.0,0.0,0.0
2011,B,39.05,0.0,0.0,0.0
2011,B,39.55,0.0,0.0,0.0
2011,B,40.05,0.0,0.0,0.0
2011,B,40.55,0.0,0.0,0.0
2011,B,41.05,0.0,0.0,0.0
2011,B,41.55,0.0,0.0,0.0
2011,B,42.05,0.0,0.0,0.0
2011,B,42.55,0.0,0.0,0.0
2011,B,43.06,0.0,0.0,0.0
2011,B,43.56,0.0,0.0,0.0
2011,B,44.06,0.0,0.0,0.0
2011,B,44.56,0.0,0.0,0.0
2011,B,45.06,0.0,0.0,0.0
2011,B,45.56,0.0,0.0,0.0
2011,B,46.06,0.0,0.0,0.0
2011,B,46.56,0.0,0.0,0.0
2011,B,47.06,0.0,0.0,0.0
2011,B,47.56,0.0,0.0,0.0
2011,B,48.06,0.0,0.0,0.0
2011,B,48.56,0.0,0.0,0.0
2011,B,49.06,0.0,0.0,0.0
2011,B,49.56,0.0,0.0,0.0
2011,B,50.06,0.0,0.0,0.0
2011,B,50.56,0.0,0.0,0.0
2011,B,51.06,0.0,0.0,0.0
2011,B,51.56,0.0,0.0,0.0
2011,B,52.06,0.0,0.0,0.0
2011,B,52.56,0.0,0.17,0.25
2011,B,53.06,0.25,0.42,0.5
2011,B,53.56,0.5,0.67,0.75
2011,B,54.06,0.75,0.92,1.0
2011,B,54.56,1.0,1.17,1.25
2011,B,55.06,1.25,1.42,1.5
2011,B,55.56,1.5,1.67,1.75
2011,B,56.06,1.75,1.92,2.0
2011,B,56.56,2.0,2.17,2.25
2011,B,57.06,2.25,2.42,2.5
2011,B,57.56,2.5,2.67,2.75
2011,B,58.06,2.75,2.92,3.0
2011,B,58.56,3.0,3.17,3.25
2011,B,59.06,3.25,3.42,3.5
2011,B,59.56,3.5,3.67,3.75
2011,B,60.06,3.75,3.92,4.0
2011,B,60.56,4.0,4.17,4.25
2011,B,61.06,4.25,4.42,4.5
2011,B,61.56,4.5,4.67,4.75
2011,B,62.06,4.75,4.92,5.0
2011,B,62.56,5.0,5.17,5.25
2011,B,63.06,5.25,5.42,5.5
2011,B,63.56,5.5,5.67,5.75
2011,B,64.06,5.75,5.92,6.0
2011,B,64.56,6.0,6.17,6.25
2011,B,65.06,6.25,6.42,6.5
2011,B,65.56,6.5,6.67,6.75
2011,B,66.06,6.75,6.92,7.0
2011,B,66.56,7.0,7.17,7.25
2011,B,67.06,7.25,7.42,7.5
2011,B,67.56,7.5,7.67,7.75
2011,B,68.06,7.75,7.92,8.0
2011,B,68.57,8.0,8.17,8.25
2011,B,69.07,8.25,8.42,8.5
2011,B,69.57,8.5,8.67,8.75
2011,B,70.07,8.75,8.92,9.0
2011,B,70.57,9.0,9.17,9.25
2011,B,71.07,9.25,9.42,9.5
2011,B,71.57,9.5,9.67,9.75
2011,B,72.07,9.75,9.92,10.0
2011,B,72.57,10.0,10.17,10.25
2011,B,73.07,10.25,10.42,10.5
2011,B,73.57,10.5,10.67,10.75
2011,B,74.07,10.75,10.92,11.0
2011,B,74.57,11.0,11.17,11.25
2011,B,75.07,11.25,11.42,11.5
2011,B,75.57,11.5,11.67,11.75
2011,B,76.07,11.75,11.92,12.0
2011,B,76.57,12.01,12.17,12.25
2011,B,77.07,12.27,12.42,12.5
2011,B,77.57,12.52,12.68,12.76
2011,B,78.07,12.77,12.93,13.01
2011,B,78.57,13.02,13.18,13.26
2011,B,79.07,13.27,13.43,13.51
2011,B,79.57,13.52,13.68,13.76
2011,B,80.07,13.77,13.93,14.01
2011,B,80.57,14.02,14.18,14.26
2011,B,81.07,14.27,14.43,14.51
2011,B,81.57,14.52,14.68,14.76
2011,B,82.07,14.77,14.93,15.01
2011,B,82.57,15.02,15.18,15.26
2011,B,83.07,15.27,15.43,15.51
2011,B,83.57,15.52,15.68,15.76
2011,B,84.07,15.77,15.93,16.01
2011,B,84.57,16.02,16.18,16.26
2011,B,85.07,16.27,16.43,16.51
2011,B,85.57,16.52,16.68,16.76
2011,B,86.07,16.77,16.93,17.01
2011,B,86.57,17.02,17.18,17.26
2011,B,87.07,17.27,17.43,17.51
2011,B,87.57,17.52,17.68,17.76
2011,B,88.09,17.77,17.93,18.02
2011,B,88.59,18.02,18.18,18.27
2011,B,89.09,18.27,18.43,18.52
2011,B,89.59,18.52,18.68,18.77
2011,B,90.09,18.77,18.93,19.02
2011,B,90.59,19.02,19.18,19.27
2011,B,91.09,19.27,19.43,19.52
2011,B,91.59,19.52,19.68,19.77
2011,B,92.09,19.77,19.93,20.02
2011,B,92.59,20.02,20.18,20.27
2011,B,93.09,20.27,20.43,20.52
2011,B,93.59,20.52,20.68,20.77
2011,B,94.09,20.77,20.93,21.02
2011,B,94.59,21.02,21.18,21.27
2011,B,95.09,21.27,21.43,21.52
2011,B,95.59,21.52,21.68,21.77
2011,B,96.09,21.77,21.93,22.02
2011,B,96.59,22.02,22.18,22.27
2011,B,97.09,22.27,22.43,22.52
2011,B,97.59,22.52,22.68,22.77
2011,B,98.09,22.77,22.93,23.02
2011,B,98.59,23.02,23.18,23.27
2011,B,99.09,23.27,23.43,23.52
2011,B,99.59,23.52,23.68,23.77
2011,B,100.09,23.77,23.93,24.02
2011,B,100.59,24.02,24.18,24.27
2011,B,101.09,24.27,24.43,24.52
2011,B,101.59,24.52,24.68,24.77
2011,B,102.09,24.77,24.93,25.02
2011,B,102.59,25.02,25.18,25.27
2011,B,103.09,25.27,25.43,25.52
2011,B,103.59,25.52,25.68,25.77
2011,B,104.1,25.77,25.93,26.02
2011,B,104.6,26.02,26.18,26.27
2011,B,105.1,26.27,26.43,26.52
2011,B,105.6,26.52,26.68,26.77
2011,B,106.1,26.77,26.93,27.02
2011,B,106.6,27.02,27.18,27.27
2011,B,107.1,27.27,27.43,27.52
2011,B,107.6,27.52,27.68,27.77
2011,B,108.1,27.77,27.93,28.02
2011,B,108.6,28.02,28.18,28.27
2011,B,109.1,28.27,28.43,28.52
2011,B,109.6,28.52,28.68,28.77
2011,B,110.1,28.77,28.93,29.02
2011,B,110.6,29.02,29.18,29.27
2011,B,111.1,29.27,29.43,29.52
2011,B,111.6,29.52,29.68,29.77
2011,B,112.1,29.77,29.93,30.02
2011,B,112.6,30.02,30.18,30.27
2011,B,113.1,30.27,30.43,30.52
2011,B,113.6,30.52,30.68,30.77
2011,B,114.1,30.77,30.93,31.02
2011,B,114.6,31.02,31.18,31.27
2011,B,115.1,31.27,31.43,31.52
2011,B,115.6,31.52,31.68,31.77
2011,B,116.1,31.77,31.93,32.02
2011,B,116.6,32.02,32.18,32.27
2011,B,117.1,32.27,32.43,32.52
2011,B,117.6,32.52,32.68,32.77
2011,B,118.1,32.77,32.93,33.02
2011,B,118.6,33.02,33.18,33.27
2011,B,119.1,33.27,33.43,33.52
2011,B,119.6,33.52,33.68,33.77
2011,B,120.1,33.77,33.93,34.02
2011,B,120.6,34.02,34.18,34.27
2011,B,121.1,34.27,34.43,34.52
2011,B,121.6,34.52,34.68,34.77
2011,B,122.1,34.77,34.93,35.02
2011,B,122.6,35.02,35.18,35.27
2012,A,0.0,100.0,100.0,100.0
2012,A,0.5,100.0,100.0,100.0
2012,A,1.0,100.0,100.0,100.0
2012,A,1.5,100.0,100.0,100.0
2012,A,2.0,100.0,100.0,100.0
2012,A,2.5,100.0,100.0,100.0
2012,A,3.0,100.0,100.0,100.0
2012,A,3.5,100.0,100.0,100.0
2012,A,4.01,100.0,100.0,100.0
2012,A,4.51,100.0,100.0,100.0
2012,A,5.01,100.0,100.0,100.0
2012,A,5.51,100.0,100.0,100.0
2012,A,6.01,100.0,100.0,100.0
2012,A,6.51,100.0,100.0,100.0
2012,A,7.01,100.0,100.0,100.0
2012,A,7.51,97.5,98.33,100.0
2012,A,8.01,95.0,96.75,97.75
2012,A,8.51,95.0,96.08,98.0
2012,A,9.01,95.25,96.33,98.25
2012,A,9.51,95.5,96.58,98.5
2012,A,10.01,95.75,96.83,98.75
2012,A,10.51,96.0,97.08,99.0
2012,A,11.01,96.5,97.42,99.25
2012,A,11.51,96.75,97.67,99.5
2012,A,12.01,97.0,97.92,99.75
2012,A,12.51,94.5,95.42,97.25
2012,A,13.01,92.0,92.92,94.75
2012,A,13.51,89.5,90.42,92.25
2012,A,14.01,86.99,87.91,89.75
2012,A,14.51,84.49,85.41,87.24
2012,A,15.01,81.99,82.91,84.74
2012,A,15.51,79.49,80.41,82.24
2012,A,16.01,76.99,77.91,79.74
2012,A,16.51,74.49,75.41,77.24
2012,A,17.02,71.99,72.91,74.74
2012,A,17.52,69.49,70.41,72.24
2012,A,18.02,66.99,67.91,69.74
2012,A,18.52,64.49,65.41,67.24
2012,A,19.02,61.99,62.91,64.74
2012,A,19.52,59.48,60.4,62.23
2012,A,20.02,56.98,57.9,59.73
2012,A,20.52,57.23,58.15,59.98
2012,A,21.02,57.48,58.4,60.23
2012,A,21.52,57.73,58.65,60.48
2012,A,22.02,57.98,58.9,60.73
2012,A,22.52,58.23,59.15,60.98
2012,A,23.02,58.48,59.4,61.23
2012,A,23.52,58.73,59.65,61.48
2012,A,24.02,58.98,59.9,61.73
2012,A,24.52,56.48,57.4,59.23
2012,A,25.02,53.98,54.9,56.73
2012,A,25.53,51.48,52.4,54.23
2012,A,26.03,48.98,49.9,51.73
2012,A,26.53,46.42,48.19,51.73
2012,A,27.03,43.92,45.66,49.13
2012,A,27.53,41.42,43.15,46.61
2012,A,28.04,38.92,40.65,44.11
2012,A,28.54,36.42,38.15,41.6
2012,A,29.04,33.91,35.64,39.1
2012,A,29.54,31.41,33.14,36.59
2012,A,30.04,28.91,30.64,34.09
2012,A,30.54,29.16,29.97,31.59
2012,A,31.04,26.66,27.47,29.09
2012,A,31.54,24.16,24.97,26.58
2012,A,32.04,21.66,22.47,24.08
2012,A,32.54,19.16,19.97,21.58
2012,A,33.04,16.66,17.47,19.08
2012,A,33.54,14.16,14.96,16.57
2012,A,34.04,11.66,12.46,14.07
2012,A,34.54,9.16,9.96,11.57
2012,A,35.04,6.65,7.46,9.07
2012,A,35.54,4.15,4.96,6.57
2012,A,36.04,1.65,2.46,4.07
2012,A,36.54,0.0,0.52,1.57
2012,A,37.04,0.0,0.0,0.0
2012,A,37.54,0.0,0.0,0.0
2012,A,38.04,0.0,0.0,0.0
2012,A,38.54,0.0,0.0,0.0
2012,A,39.04,0.0,0.0,0.0
2012,A,39.54,0.0,0.0,0.0
2012,A,40.04,0.0,0.0,0.0
2012,A,40.54,0.0,0.0,0.0
2012,A,41.04,0.0,0.0,0.0
2012,A,41.55,0.0,0.0,0.0
2012,A,42.05,0.0,0.0,0.0
2012,A,42.55,0.0,0.0,0.0
2012,A,43.05,0.0,0.0,0.0
2012,A,43.55,0.0,0.0,0.0
2012,A,44.05,0.0,0.0,0.0
2012,A,44.55,0.0,0.0,0.0
2012,A,45.05,0.0,0.0,0.0
2012,A,45.55,0.0,0.0,0.0
2012,A,46.05,0.0,0.0,0.0
2012,A,46.55,0.0,0.0,0.0
2012,A,47.05,0.0,0.0,0.0
2012,A,47.55,0.0,0.0,0.0
2012,A,48.05,0.0,0.0,0.0
2012,A,48.55,0.0,0.0,0.0
2012,A,49.05,0.0,0.0,0.0
2012,A,49.55,0.0,0.0,0.0
2012,A,50.05,0.0,0.0,0.0
2012,A,50.55,0.0,0.0,0.0
2012,A,51.05,0.0,0.0,0.0
2012,A,51.55,0.0,0.0,0.0
2012,A,52.05,0.0,0.0,0.0
2012,A,52.55,0.0,0.17,0.25
2012,A,53.05,0.25,0.42,0.5
2012,A,53.55,0.5,0.67,0.75
2012,A,54.05,0.75,0.92,1.0
2012,A,54.55,1.0,1.17,1.25
2012,A,55.05,1.25,1.42,1.5
2012,A,55.55,1.5,1.67,1.75
2012,A,56.05,1.75,1.92,2.0
2012,A,56.55,2.0,2.17,2.25
2012,A,57.05,2.25,2.42,2.5
2012,A,57.55,2.5,2.67,2.75
2012,A,58.05,2.75,2.92,3.0
2012,A,58.55,3.0,3.17,3.25
2012,A,59.05,3.25,3.42,3.5
2012,A,59.55,3.5,3.67,3.75
2012,A,60.05,3.75,3.92,4.0
2012,A,60.55,4.0,4.17,4.25
2012,A,61.05,4.25,4.42,4.5
2012,A,61.55,4.5,4.67,4.75
2012,A,62.05,4.75,4.92,5.0
2012,A,62.55,5.0,5.17,5.25
2012,A,63.05,5.25,5.42,5.5
2012,A,63.55,5.5,5.67,5.75
2012,A,64.05,5.75,5.92,6.0
2012,A,64.55,6.0,6.17,6.25
2012,A,65.05,6.25,6.42,6.5
2012,A,65.55,6.5,6.67,6.75
2012,A,66.05,6.75,6.92,7.0
2012,A,66.55,7.0,7.17,7.25
2012,A,67.05,7.25,7.42,7.5
2012,A,67.55,7.5,7.67,7.75
2012,A,68.06,7.75,7.92,8.0
2012,A,68.56,8.0,8.17,8.25
2012,A,69.06,8.25,8.42,8.5
2012,A,69.56,8.5,8.67,8.75
2012,A,70.06,8.75,8.92,9.0
2012,A,70.56,9.0,9.17,9.25
2012,A,71.06,9.25,9.42,9.5
2012,A,71.56,9.5,9.67,9.75
2012,A,72.06,9.75,9.92,10.0
2012,A,72.56,10.0,10.17,10.25
2012,A,73.06,10.25,10.42,10.5
2012,A,73.56,10.5,10.67,10.75
2012,A,74.06,10.75,10.92,11.0
2012,A,74.56,11.0,11.17,11.25
2012,A,75.06,11.25,11.42,11.5
2012,A,75.56,11.5,11.67,11.76
2012,A,76.06,11.75,11.92,12.01
2012,A,76.56,12.0,12.17,12.26
2012,A,77.06,12.25,12.42,12.51
2012,A,77.56,12.5,12.67,12.76
2012,A,78.06,12.75,12.92,13.01
2012,A,78.56,13.0,13.17,13.26
2012,A,79.06,13.25,13.42,13.51
2012,A,79.56,13.5,13.67,13.76
2012,A,80.06,13.75,13.92,14.01
2012,A,80.56,14.25,14.26,14.26
2012,A,81.06,14.5,14.51,14.51
2012,A,81.56,14.75,14.76,14.76
2012,A,82.06,15.0,15.01,15.01
2012,A,82.56,15.25,15.26,15.26
2012,A,83.06,15.5,15.51,15.51
2012,A,83.56,15.75,15.76,15.76
2012,A,84.06,16.01,16.01,16.01
2012,A,84.56,16.26,16.26,16.26
2012,A,85.06,16.51,16.51,16.51
2012,A,85.56,16.76,16.76,16.76
2012,A,86.06,17.01,17.01,17.01
2012,A,86.56,17.26,17.26,17.26
2012,A,87.06,17.51,17.51,17.51
2012,A,87.56,17.76,17.76,17.76
2012,A,88.06,18.01,18.01,18.01
2012,A,88.56,18.26,18.26,18.26
2012,A,89.06,18.51,18.51,18.51
2012,A,89.56,18.76,18.76,18.76
2012,A,90.06,19.01,19.01,19.01
2012,A,90.56,19.26,19.26,19.26
2012,A,91.06,19.51,19.51,19.51
2012,A,91.56,19.76,19.76,19.76
2012,A,92.06,20.01,20.01,20.01
2012,A,92.57,20.26,20.26,20.26
2012,A,93.07,20.51,20.51,20.51
2012,A,93.57,20.76,20.76,20.76
2012,A,94.07,21.01,21.01,21.01
2012,A,94.57,21.26,21.26,21.26
2012,A,95.07,21.51,21.51,21.51
2012,A,95.57,21.76,21.76,21.76
2012,A,96.07,22.01,22.01,22.01
2012,A,96.57,22.26,22.26,22.26
2012,A,97.07,22.51,22.51,22.51
2012,A,97.57,22.76,22.76,22.76
2012,A,98.07,23.01,23.01,23.01
2012,A,98.57,23.26,23.26,23.26
2012,A,99.07,23.51,23.51,23.51
2012,A,99.57,23.76,23.76,23.76
2012,A,100.07,24.01,24.01,24.01
2012,A,100.57,24.26,24.26,24.26
2012,A,101.07,24.51,24.51,24.51
2012,A,101.57,24.76,24.76,24.76
2012,A,102.07,25.01,25.01,25.01
2012,A,102.57,25.26,25.26,25.26
2012,A,103.07,25.51,25.51,25.51
2012,A,103.57,25.76,25.76,25.76
2012,A,104.07,26.01,26.01,26.01
2012,A,104.57,26.26,26.26,26.26
2012,A,105.07,26.51,26.51,26.51
2012,A,105.57,26.76,26.76,26.76
2012,A,106.07,27.01,27.01,27.01
2012,A,106.57,27.26,27.26,27.26
2012,A,107.07,27.51,27.51,27.51
2012,A,107.57,27.76,27.76,27.76
2012,A,108.07,28.01,28.01,28.01
2012,A,108.57,28.26,28.26,28.26
2012,A,109.07,28.51,28.51,28.51
2012,A,109.57,28.76,28.76,28.76
2012,A,110.07,29.01,29.01,29.01
2012,A,110.57,29.26,29.26,29.26
2012,A,111.07,29.51,29.51,29.51
2012,A,111.57,29.76,29.76,29.76
2012,A,112.07,30.01,30.01,30.01
2012,A,112.57,30.26,30.26,30.26
2012,A,113.07,30.51,30.51,30.51
2012,A,113.57,30.76,30.76,30.76
2012,A,114.07,31.01,31.01,31.01
2012,A,114.57,31.26,31.26,31.26
2012,A,115.07,31.51,31.51,31.51
2012,A,115.57,31.76,31.76,31.76
2012,A,116.07,32.01,32.01,32.01
2012,A,116.57,32.26,32.26,32.26
2012,A,117.07,32.51,32.51,32.51
2012,A,117.57,32.76,32.76,32.76
2012,A,118.08,33.01,33.01,33.01
2012,A,118.58,33.26,33.26,33.26
2012,A,119.08,33.51,33.51,33.51
2012,A,119.58,33.76,33.76,33.76
2012,A,120.08,34.01,34.01,34.01
2012,A,120.58,34.26,34.26,34.26
2012,A,121.08,34.51,34.51,34.51
2012,A,121.58,34.76,34.76,34.76
2012,A,122.08,35.01,35.01,35.01
2012,A,122.58,35.26,35.26,35.27
2013,D,0.0,100.0,100.0,100.0
2013,D,0.5,100.0,100.0,100.0
2013,D,1.0,100.0,100.0,100.0
2013,D,1.5,100.0,100.0,100.0
2013,D,2.0,100.0,100.0,100.0
2013,D,2.5,100.0,100.0,100.0
2013,D,3.0,100.0,100.0,100.0
2013,D,3.5,100.0,100.0,100.0
2013,D,4.0,100.0,100.0,100.0
2013,D,4.5,100.0,100.0,100.0
2013,D,5.0,100.0,100.0,100.0
2013,D,5.51,100.0,100.0,100.0
2013,D,6.01,100.0,100.0,100.0
2013,D,6.51,100.0,100.0,100.0
2013,D,7.01,97.5,97.5,97.5
2013,D,7.51,95.0,95.92,97.75
2013,D,8.01,92.5,94.33,98.0
2013,D,8.51,92.75,94.58,98.25
2013,D,9.01,93.0,94.83,98.5
2013,D,9.51,93.25,95.08,98.75
2013,D,10.01,93.5,95.33,99.0
2013,D,10.51,93.75,95.58,99.25
2013,D,11.01,94.0,95.83,99.5
2013,D,11.51,94.25,96.08,99.75
2013,D,12.02,94.5,95.42,97.25
2013,D,12.52,92.0,92.92,94.75
2013,D,13.02,89.49,90.41,92.25
2013,D,13.52,86.99,87.91,89.75
2013,D,14.02,84.49,85.41,87.25
2013,D,14.52,81.99,82.91,84.74
2013,D,15.02,79.49,80.41,82.24
2013,D,15.52,76.99,77.91,79.74
2013,D,16.02,74.49,75.41,77.24
2013,D,16.52,71.99,72.91,74.74
2013,D,17.02,69.48,70.4,72.24
2013,D,17.52,66.98,67.9,69.74
2013,D,18.02,64.48,65.4,67.24
2013,D,18.52,61.97,62.9,64.74
2013,D,19.02,59.47,60.4,62.24
2013,D,19.53,56.97,57.9,59.74
2013,D,20.03,54.47,56.31,59.99
2013,D,20.53,54.72,56.56,60.24
2013,D,21.03,54.97,56.81,60.49
2013,D,21.53,55.22,57.06,60.74
2013,D,22.03,55.47,57.31,60.99
2013,D,22.53,55.72,57.56,61.24
2013,D,23.03,55.97,57.81,61.49
2013,D,23.53,56.22,58.06,61.74
2013,D,24.03,53.71,56.48,59.24
2013,D,24.53,51.21,53.97,56.73
2013,D,25.03,48.71,51.47,54.23
2013,D,25.53,46.19,48.97,51.73
2013,D,26.03,43.67,46.46,49.23
2013,D,26.53,41.17,43.96,46.73
2013,D,27.03,38.67,41.46,44.23
2013,D,27.53,36.16,38.95,41.73
2013,D,28.03,33.66,36.45,39.23
2013,D,28.53,31.16,33.95,36.73
2013,D,29.03,28.66,31.45,34.22
2013,D,29.53,26.16,28.95,31.72
2013,D,30.03,23.66,26.45,29.22
2013,D,30.53,21.15,23.94,26.72
2013,D,31.03,18.65,21.44,24.22
2013,D,31.53,16.15,18.94,21.72
2013,D,32.03,13.65,17.36,21.97
2013,D,32.53,11.15,14.86,19.47
2013,D,33.03,8.65,12.36,16.97
2013,D,33.53,6.15,9.86,14.47
2013,D,34.03,3.64,7.36,11.97
2013,D,34.53,1.14,4.86,9.47
2013,D,35.03,0.0,2.81,6.96
2013,D,35.53,0.0,1.48,4.43
2013,D,36.03,0.0,0.64,1.92
2013,D,36.53,0.0,0.0,0.0
2013,D,37.04,0.0,0.0,0.0
2013,D,37.54,0.0,0.0,0.0
2013,D,38.04,0.0,0.0,0.0
2013,D,38.54,0.0,0.0,0.0
2013,D,39.04,0.0,0.0,0.0
2013,D,39.54,0.0,0.0,0.0
2013,D,40.04,0.0,0.0,0.0
2013,D,40.54,0.0,0.0,0.0
2013,D,41.04,0.0,0.0,0.0
2013,D,41.54,0.0,0.0,0.0
2013,D,42.04,0.0,0.0,0.0
2013,D,42.54,0.0,0.0,0.0
2013,D,43.04,0.0,0.0,0.0
2013,D,43.54,0.0,0.0,0.0
2013,D,44.04,0.0,0.0,0.0
2013,D,44.54,0.0,0.0,0.0
2013,D,45.04,0.0,0.0,0.0
2013,D,45.54,0.0,0.0,0.0
2013,D,46.04,0.0,0.0,0.0
2013,D,46.54,0.0,0.0,0.0
2013,D,47.04,0.0,0.0,0.0
2013,D,47.54,0.0,0.0,0.0
2013,D,48.04,0.0,0.0,0.0
2013,D,48.54,0.0,0.0,0.0
2013,D,49.04,0.0,0.0,0.0
2013,D,49.54,0.0,0.0,0.0
2013,D,50.04,0.0,0.0,0.0
2013,D,50.54,0.0,0.0,0.0
2013,D,51.04,0.0,0.0,0.0
2013,D,51.54,0.0,0.0,0.0
2013,D,52.04,0.0,0.0,0.0
2013,D,52.54,0.25,0.25,0.25
2013,D,53.04,0.5,0.5,0.5
2013,D,53.54,0.75,0.75,0.75
2013,D,54.04,1.0,1.0,1.0
2013,D,54.54,1.25,1.25,1.25
2013,D,55.04,1.5,1.5,1.5
2013,D,55.54,1.75,1.75,1.75
2013,D,56.04,2.0,2.0,2.0
2013,D,56.54,2.25,2.25,2.25
2013,D,57.04,2.5,2.5,2.5
2013,D,57.54,2.75,2.75,2.75
2013,D,58.04,3.0,3.0,3.0
2013,D,58.54,3.25,3.25,3.25
2013,D,59.04,3.5,3.5,3.5
2013,D,59.54,3.75,3.75,3.75
2013,D,60.04,4.0,4.0,4.0
2013,D,60.54,4.25,4.25,4.25
2013,D,61.04,4.5,4.5,4.5
2013,D,61.54,4.75,4.75,4.75
2013,D,62.04,5.0,5.0,5.0
2013,D,62.54,5.25,5.25,5.25
2013,D,63.05,5.5,5.5,5.5
2013,D,63.55,5.75,5.75,5.75
2013,D,64.05,6.0,6.0,6.0
2013,D,64.55,6.25,6.25,6.25
2013,D,65.05,6.5,6.5,6.5
2013,D,65.55,6.75,6.75,6.75
2013,D,66.05,7.0,7.0,7.0
2013,D,66.55,7.25,7.25,7.25
2013,D,67.05,7.5,7.5,7.5
2013,D,67.55,7.75,7.75,7.75
2013,D,68.05,8.0,8.0,8.0
2013,D,68.55,8.25,8.25,8.25
2013,D,69.05,8.5,8.5,8.5
2013,D,69.55,8.75,8.75,8.75
2013,D,70.05,9.0,9.0,9.0
2013,D,70.55,9.25,9.25,9.25
2013,D,71.05,9.5,9.5,9.5
2013,D,71.55,9.75,9.75,9.75
2013,D,72.05,10.0,10.0,10.0
2013,D,72.55,10.25,10.25,10.25
2013,D,73.05,10.5,10.5,10.5
2013,D,73.55,10.75,10.75,10.75
2013,D,74.05,11.0,11.0,11.0
2013,D,74.55,11.25,11.25,11.25
2013,D,75.05,11.5,11.5,11.5
2013,D,75.55,11.75,11.75,11.75
2013,D,76.05,12.0,12.0,12.01
2013,D,76.55,12.25,12.26,12.26
2013,D,77.05,12.5,12.51,12.51
2013,D,77.55,12.75,12.76,12.76
2013,D,78.05,13.0,13.01,13.01
2013,D,78.55,13.25,13.26,13.26
2013,D,79.05,13.5,13.51,13.51
2013,D,79.55,13.75,13.76,13.76
2013,D,80.05,14.0,14.01,14.01
2013,D,80.55,14.25,14.26,14.26
2013,D,81.05,14.5,14.51,14.51
2013,D,81.55,14.75,14.76,14.76
2013,D,82.05,15.01,15.01,15.01
2013,D,82.55,15.26,15.26,15.26
2013,D,83.05,15.51,15.51,15.51
2013,D,83.55,15.76,15.76,15.76
2013,D,84.05,16.01,16.01,16.01
2013,D,84.55,16.26,16.26,16.26
2013,D,85.05,16.51,16.51,16.51
2013,D,85.55,16.76,16.76,16.76
2013,D,86.05,17.01,17.01,17.01
2013,D,86.55,17.26,17.26,17.26
2013,D,87.05,17.51,17.51,17.51
2013,D,87.55,17.76,17.76,17.76
2013,D,88.05,18.01,18.01,18.01
2013,D,88.56,18.26,18.26,18.26
2013,D,89.06,18.51,18.51,18.51
2013,D,89.56,18.76,18.76,18.76
2013,D,90.06,19.01,19.01,19.01
2013,D,90.56,19.26,19.26,19.26
2013,D,91.06,19.51,19.51,19.51
2013,D,91.56,19.76,19.76,19.76
2013,D,92.06,20.01,20.01,20.01
2013,D,92.56,20.26,20.26,20.26
2013,D,93.06,20.51,20.51,20.51
2013,D,93.56,20.76,20.76,20.76
2013,D,94.06,21.01,21.01,21.01
2013,D,94.56,21.26,21.26,21.26
2013,D,95.06,21.51,21.51,21.51
2013,D,95.56,21.76,21.76,21.76
2013,D,96.06,22.01,22.01,22.01
2013,D,96.56,22.26,22.26,22.26
2013,D,97.06,22.51,22.51,22.51
2013,D,97.56,22.76,22.76,22.76
2013,D,98.06,23.01,23.01,23.01
2013,D,98.56,23.26,23.26,23.26
2013,D,99.06,23.51,23.51,23.51
2013,D,99.56,23.76,23.76,23.76
2013,D,100.06,24.01,24.01,24.01
2013,D,100.56,24.26,24.26,24.26
2013,D,101.06,24.51,24.51,24.51
2013,D,101.56,24.76,24.76,24.76
2013,D,102.06,25.01,25.01,25.01
2013,D,102.56,25.26,25.26,25.26
2013,D,103.06,25.51,25.51,25.51
2013,D,103.56,25.76,25.76,25.76
2013,D,104.06,26.01,26.01,26.01
2013,D,104.56,26.26,26.26,26.26
2013,D,105.06,26.51,26.51,26.51
2013,D,105.56,26.76,26.76,26.76
2013,D,106.06,27.01,27.01,27.01
2013,D,106.56,27.26,27.26,27.26
2013,D,107.06,27.51,27.51,27.51
2013,D,107.56,27.76,27.76,27.76
2013,D,108.06,28.01,28.01,28.01
2013,D,108.56,28.26,28.26,28.26
2013,D,109.06,28.51,28.51,28.51
2013,D,109.56,28.76,28.76,28.76
2013,D,110.06,29.01,29.01,29.01
2013,D,110.56,29.26,29.26,29.26
2013,D,111.06,29.51,29.51,29.51
2013,D,111.56,29.76,29.76,29.76
2013,D,112.06,30.01,30.01,30.01
2013,D,112.56,30.26,30.26,30.26
2013,D,113.06,30.51,30.51,30.51
2013,D,113.56,30.76,30.76,30.76
2013,D,114.06,31.01,31.01,31.01
2013,D,114.57,31.26,31.26,31.26
2013,D,115.07,31.51,31.51,31.51
2013,D,115.57,31.76,31.76,31.76
2013,D,116.07,32.01,32.01,32.01
2013,D,116.57,32.26,32.26,32.26
2013,D,117.07,32.51,32.51,32.51
2013,D,117.57,32.76,32.76,32.76
2013,D,118.07,33.01,33.01,33.01
2013,D,118.57,33.26,33.26,33.26
2013,D,119.07,33.51,33.51,33.51
2013,D,119.57,33.76,33.76,33.76
2013,D,120.07,34.01,34.01,34.01
2013,D,120.57,34.26,34.26,34.26
2013,D,121.07,34.51,34.51,34.51
2013,D,121.57,34.76,34.76,34.76
2013,D,122.07,35.01,35.01,35.01
2013,D,122.57,35.26,35.26,35.26
2014,C,0.0,100.0,100.0,100.0
2014,C,0.5,100.0,100.0,100.0
2014,C,1.0,100.0,100.0,100.0
2014,C,1.5,100.0,100.0,100.0
2014,C,2.0,100.0,100.0,100.0
2014,C,2.5,100.0,100.0,100.0
2014,C,3.0,100.0,100.0,100.0
2014,C,3.5,100.0,100.0,100.0
2014,C,4.0,100.0,100.0,100.0
2014,C,4.5,100.0,100.0,100.0
2014,C,5.01,100.0,100.0,100.0
2014,C,5.51,100.0,100.0,100.0
2014,C,6.01,100.0,100.0,100.0
2014,C,6.51,100.0,100.0,100.0
2014,C,7.01,100.0,100.0,100.0
2014,C,7.51,97.5,98.33,100.0
2014,C,8.01,95.0,95.83,97.49
2014,C,8.51,92.5,94.25,95.25
2014,C,9.01,92.49,93.58,95.5
2014,C,9.51,92.74,93.83,95.75
2014,C,10.01,92.99,94.08,96.0
2014,C,10.51,93.24,94.33,96.25
2014,C,11.01,93.49,94.58,96.5
2014,C,11.52,93.74,94.83,96.75
2014,C,12.02,93.99,95.08,97.0
2014,C,12.52,94.24,94.41,94.5
2014,C,13.02,91.74,91.91,92.0
2014,C,13.52,89.24,89.41,89.5
2014,C,14.02,86.74,86.91,87.0
2014,C,14.52,84.24,84.41,84.49
2014,C,15.02,81.74,81.91,81.99
2014,C,15.52,76.73,78.57,79.49
2014,C,16.02,74.23,76.07,76.99
2014,C,16.52,71.73,73.57,74.49
2014,C,17.02,69.23,71.07,71.99
2014,C,17.52,69.23,69.4,69.49
2014,C,18.02,64.22,66.07,66.99
2014,C,18.52,61.72,63.57,64.49
2014,C,19.02,59.22,61.06,61.99
2014,C,19.52,56.71,58.56,59.48
2014,C,20.03,54.21,56.06,56.98
2014,C,20.53,54.46,55.39,57.23
2014,C,21.03,54.71,55.64,57.48
2014,C,21.53,54.96,55.89,57.73
2014,C,22.03,55.21,56.14,57.98
2014,C,22.53,55.46,56.39,58.23
2014,C,23.03,55.71,56.64,58.48
2014,C,23.53,55.96,56.89,58.73
2014,C,24.03,56.21,57.14,58.98
2014,C,24.53,53.71,55.56,56.48
2014,C,25.03,51.21,53.06,53.98
2014,C,25.53,48.71,50.56,51.48
2014,C,26.03,46.21,48.06,48.98
2014,C,26.53,43.71,45.56,46.48
2014,C,27.03,41.21,43.06,43.98
2014,C,27.53,38.7,40.55,41.48
2014,C,28.03,36.2,38.05,38.98
2014,C,28.53,33.7,35.55,36.48
2014,C,29.03,31.2,33.05,33.97
2014,C,29.53,28.7,30.55,31.47
2014,C,30.03,26.2,28.05,28.97
2014,C,30.53,23.69,25.54,26.47
2014,C,31.03,21.19,23.04,23.97
2014,C,31.53,18.69,20.54,21.47
2014,C,32.03,16.19,18.04,18.97
2014,C,32.53,13.69,15.54,16.47
2014,C,33.03,11.19,13.04,13.97
2014,C,33.53,8.69,10.54,11.47
2014,C,34.03,6.19,8.04,8.97
2014,C,34.53,3.68,5.53,6.46
2014,C,35.03,1.18,3.03,3.96
2014,C,35.53,0.0,0.97,1.46
2014,C,36.03,0.0,0.0,0.0
2014,C,36.53,0.0,0.0,0.0
2014,C,37.03,0.0,0.0,0.0
2014,C,37.53,0.0,0.0,0.0
2014,C,38.03,0.0,0.0,0.0
2014,C,38.53,0.0,0.0,0.0
2014,C,39.03,0.0,0.0,0.0
2014,C,39.53,0.0,0.0,0.0
2014,C,40.03,0.0,0.0,0.0
2014,C,40.53,0.0,0.0,0.0
2014,C,41.03,0.0,0.0,0.0
2014,C,41.53,0.0,0.0,0.0
2014,C,42.04,0.0,0.0,0.0
2014,C,42.54,0.0,0.0,0.0
2014,C,43.04,0.0,0.0,0.0
2014,C,43.54,0.0,0.0,0.0
2014,C,44.04,0.0,0.0,0.0
2014,C,44.54,0.0,0.0,0.0
2014,C,45.04,0.0,0.0,0.0
2014,C,45.54,0.0,0.0,0.0
2014,C,46.04,0.0,0.0,0.0
2014,C,46.54,0.0,0.0,0.0
2014,C,47.04,0.0,0.0,0.0
2014,C,47.54,0.0,0.0,0.0
2014,C,48.04,0.0,0.0,0.0
2014,C,48.54,0.0,0.0,0.0
2014,C,49.04,0.0,0.0,0.0
2014,C,49.54,0.0,0.0,0.0
2014,C,50.04,0.0,0.0,0.0
2014,C,50.54,0.0,0.0,0.0
2014,C,51.04,0.0,0.0,0.0
2014,C,51.54,0.0,0.0,0.0
2014,C,52.04,0.0,0.0,0.0
2014,C,52.54,0.25,0.25,0.25
2014,C,53.04,0.5,0.5,0.5
2014,C,53.54,0.75,0.75,0.75
2014,C,54.04,1.0,1.0,1.0
2014,C,54.54,1.25,1.25,1.25
2014,C,55.04,1.5,1.5,1.5
2014,C,55.54,1.75,1.75,1.75
2014,C,56.04,2.0,2.0,2.0
2014,C,56.54,2.25,2.25,2.25
2014,C,57.04,2.5,2.5,2.5
2014,C,57.54,2.75,2.75,2.75
2014,C,58.04,3.0,3.0,3.0
2014,C,58.54,3.25,3.25,3.25
2014,C,59.04,3.5,3.5,3.5
2014,C,59.54,3.75,3.75,3.75
2014,C,60.04,4.0,4.0,4.0
2014,C,60.54,4.25,4.25,4.25
2014,C,61.04,4.5,4.5,4.5
2014,C,61.54,4.75,4.75,4.75
2014,C,62.04,5.0,5.0,5.0
2014,C,62.54,5.25,5.25,5.25
2014,C,63.04,5.5,5.5,5.5
2014,C,63.54,5.75,5.75,5.75
2014,C,64.04,6.0,6.0,6.0
2014,C,64.54,6.25,6.25,6.25
2014,C,65.04,6.5,6.5,6.5
2014,C,65.54,6.75,6.75,6.75
2014,C,66.04,7.0,7.0,7.0
2014,C,66.54,7.25,7.25,7.25
2014,C,67.04,7.5,7.5,7.5
2014,C,67.54,7.75,7.75,7.75
2014,C,68.04,8.0,8.0,8.0
2014,C,68.54,8.25,8.25,8.25
2014,C,69.04,8.5,8.5,8.5
2014,C,69.54,8.75,8.75,8.75
2014,C,70.04,9.0,9.0,9.0
2014,C,70.54,9.25,9.25,9.25
2014,C,71.04,9.5,9.5,9.5
2014,C,71.55,9.75,9.75,9.75
2014,C,72.05,10.0,10.0,10.0
2014,C,72.55,10.25,10.25,10.25
2014,C,73.05,10.5,10.5,10.5
2014,C,73.55,10.75,10.75,10.75
2014,C,74.05,11.0,11.0,11.0
2014,C,74.55,11.25,11.25,11.25
2014,C,75.05,11.5,11.5,11.51
2014,C,75.55,11.75,11.75,11.76
2014,C,76.05,12.0,12.0,12.01
2014,C,76.55,12.25,12.25,12.26
2014,C,77.05,12.5,12.5,12.51
2014,C,77.55,12.75,12.75,12.76
2014,C,78.05,13.0,13.01,13.01
2014,C,78.55,13.25,13.26,13.26
2014,C,79.05,13.5,13.51,13.51
2014,C,79.55,13.75,13.76,13.76
2014,C,80.05,14.01,14.01,14.01
2014,C,80.55,14.26,14.26,14.26
2014,C,81.05,14.51,14.51,14.51
2014,C,81.55,14.76,14.76,14.76
2014,C,82.05,15.01,15.01,15.01
2014,C,82.55,15.26,15.26,15.26
2014,C,83.05,15.51,15.51,15.51
2014,C,83.55,15.76,15.76,15.76
2014,C,84.05,16.01,16.01,16.01
2014,C,84.55,16.26,16.26,16.26
2014,C,85.05,16.51,16.51,16.51
2014,C,85.55,16.76,16.76,16.76
2014,C,86.06,17.01,17.01,17.01
2014,C,86.56,17.26,17.26,17.26
2014,C,87.06,17.51,17.51,17.51
2014,C,87.56,17.76,17.76,17.76
2014,C,88.06,18.01,18.01,18.01
2014,C,88.56,18.26,18.26,18.26
2014,C,89.06,18.51,18.51,18.51
2014,C,89.56,18.76,18.76,18.76
2014,C,90.06,19.01,19.01,19.01
2014,C,90.56,19.26,19.26,19.26
2014,C,91.06,19.51,19.51,19.51
2014,C,91.56,19.76,19.76,19.76
2014,C,92.06,20.01,20.01,20.01
2014,C,92.56,20.26,20.26,20.26
2014,C,93.06,20.51,20.51,20.51
2014,C,93.56,20.76,20.76,20.76
2014,C,94.06,21.01,21.01,21.01
2014,C,94.56,21.26,21.26,21.26
2014,C,95.06,21.51,21.51,21.51
2014,C,95.56,21.76,21.76,21.76
2014,C,96.06,22.01,22.01,22.01
2014,C,96.56,22.26,22.26,22.26
2014,C,97.06,22.51,22.51,22.51
2014,C,97.56,22.76,22.76,22.76
2014,C,98.06,23.01,23.01,23.01
2014,C,98.56,23.26,23.26,23.26
2014,C,99.06,23.51,23.51,23.51
2014,C,99.56,23.76,23.76,23.76
2014,C,100.06,24.01,24.01,24.01
2014,C,100.56,24.26,24.26,24.26
2014,C,101.06,24.51,24.51,24.51
2014,C,101.56,24.76,24.76,24.76
2014,C,102.06,25.01,25.01,25.01
2014,C,102.56,25.26,25.26,25.26
2014,C,103.06,25.51,25.51,25.51
2014,C,103.56,25.76,25.76,25.76
2014,C,104.06,26.01,26.01,26.01
2014,C,104.56,26.26,26.26,26.26
2014,C,105.06,26.51,26.51,26.51
2014,C,105.56,26.76,26.76,26.76
2014,C,106.06,27.01,27.01,27.01
2014,C,106.56,27.26,27.26,27.26
2014,C,107.06,27.51,27.51,27.51
2014,C,107.56,27.76,27.76,27.76
2014,C,108.06,28.01,28.01,28.01
2014,C,108.56,28.26,28.26,28.26
2014,C,109.06,28.51,28.51,28.51
2014,C,109.56,28.76,28.76,28.76
2014,C,110.06,29.01,29.01,29.01
2014,C,110.56,29.26,29.26,29.26
2014,C,111.06,29.51,29.51,29.51
2014,C,111.57,29.76,29.76,29.76
2014,C,112.07,30.01,30.01,30.01
2014,C,112.57,30.26,30.26,30.26
2014,C,113.07,30.51,30.51,30.51
2014,C,113.57,30.76,30.76,30.76
2014,C,114.07,31.01,31.01,31.01
2014,C,114.57,31.26,31.26,31.26
2014,C,115.07,31.51,31.51,31.51
2014,C,115.57,31.76,31.76,31.76
2014,C,116.07,32.01,32.01,32.01
2014,C,116.57,32.26,32.26,32.26
2014,C,117.07,32.51,32.51,32.51
2014,C,117.57,32.76,32.76,32.76
2014,C,118.07,33.01,33.01,33.01
2014,C,118.57,33.26,33.26,33.26
2014,C,119.07,33.51,33.51,33.52
2014,C,119.57,33.76,33.76,33.77
2014,C,120.07,34.01,34.01,34.02
2014,C,120.57,34.26,34.26,34.27
2014,C,121.07,34.51,34.51,34.52
2014,C,121.57,34.76,34.76,34.77
2014,C,122.07,35.01,35.01,35.02
2014,C,122.57,35.26,35.26,35.27
2015,A,0.0,100.0,100.0,100.0
2015,A,0.5,100.0,100.0,100.0
2015,A,1.0,100.0,100.0,100.0
2015,A,1.5,100.0,100.0,100.0
2015,A,2.0,100.0,100.0,100.0
2015,A,2.5,100.0,100.0,100.0
2015,A,3.0,100.0,100.0,100.0
2015,A,3.5,100.0,100.0,100.0
2015,A,4.0,100.0,100.0,100.0
2015,A,4.51,100.0,100.0,100.0
2015,A,5.01,100.0,100.0,100.0
2015,A,5.51,100.0,100.0,100.0
2015,A,6.01,100.0,100.0,100.0
2015,A,6.51,100.0,100.0,100.0
2015,A,7.01,100.0,100.0,100.0
2015,A,7.51,97.49,99.16,100.0
2015,A,8.01,94.99,96.66,97.49
2015,A,8.51,94.98,95.07,95.24
2015,A,9.01,95.23,95.4,95.49
2015,A,9.51,95.48,95.65,95.74
2015,A,10.01,95.73,95.9,95.99
2015,A,10.51,95.98,96.15,96.24
2015,A,11.01,96.23,96.4,96.49
2015,A,11.51,96.48,96.65,96.74
2015,A,12.01,94.23,95.07,96.73
2015,A,12.52,91.73,92.57,94.23
2015,A,13.02,89.23,90.07,91.73
2015,A,13.52,86.73,87.56,89.23
2015,A,14.02,84.22,85.06,86.72
2015,A,14.52,81.72,82.56,84.22
2015,A,15.02,79.22,80.06,81.72
2015,A,15.52,76.72,77.56,79.22
2015,A,16.02,74.21,75.05,76.72
2015,A,16.52,71.71,72.55,74.21
2015,A,17.02,69.2,70.04,71.71
2015,A,17.52,66.72,68.37,69.2
2015,A,18.02,64.2,65.04,66.7
2015,A,18.52,61.7,62.54,64.2
2015,A,19.02,59.2,60.03,61.69
2015,A,19.52,56.69,57.53,59.18
2015,A,20.02,54.19,55.03,56.68
2015,A,20.53,54.44,55.28,56.93
2015,A,21.03,54.69,55.53,57.18
2015,A,21.53,54.94,55.78,57.43
2015,A,22.03,55.19,56.03,57.68
2015,A,22.53,55.44,56.28,57.93
2015,A,23.03,55.69,56.53,58.18
2015,A,23.53,55.94,56.78,58.43
2015,A,24.03,56.19,57.03,58.68
2015,A,24.53,53.69,54.53,56.18
2015,A,25.03,51.19,52.03,53.68
2015,A,25.53,48.69,49.52,51.18
2015,A,26.03,46.19,47.02,48.68
2015,A,26.53,43.69,44.52,46.18
2015,A,27.03,41.19,42.02,43.68
2015,A,27.53,38.68,39.52,41.18
2015,A,28.03,36.18,37.02,38.68
2015,A,28.53,33.68,34.52,36.18
2015,A,29.03,31.18,32.01,33.67
2015,A,29.53,28.68,29.51,31.17
2015,A,30.03,26.18,27.01,28.67
2015,A,30.53,23.68,24.51,26.17
2015,A,31.03,21.17,22.01,23.67
2015,A,31.53,18.67,19.51,21.17
2015,A,32.03,16.17,17.01,18.67
2015,A,32.53,13.67,14.51,16.17
2015,A,33.03,11.17,12.01,13.67
2015,A,33.53,8.67,9.51,11.17
2015,A,34.03,6.17,7.01,8.67
2015,A,34.53,3.67,4.51,6.17
2015,A,35.03,1.17,2.01,3.67
2015,A,35.53,0.0,0.39,1.17
2015,A,36.03,0.0,0.0,0.0
2015,A,36.53,0.0,0.0,0.0
2015,A,37.03,0.0,0.0,0.0
2015,A,37.53,0.0,0.0,0.0
2015,A,38.03,0.0,0.0,0.0
2015,A,38.53,0.0,0.0,0.0
2015,A,39.03,0.0,0.0,0.0
2015,A,39.53,0.0,0.0,0.0
2015,A,40.03,0.0,0.0,0.0
2015,A,40.53,0.0,0.0,0.0
2015,A,41.03,0.0,0.0,0.0
2015,A,41.53,0.0,0.0,0.0
2015,A,42.03,0.0,0.0,0.0
2015,A,42.53,0.0,0.0,0.0
2015,A,43.03,0.0,0.0,0.0
2015,A,43.53,0.0,0.0,0.0
2015,A,44.03,0.0,0.0,0.0
2015,A,44.53,0.0,0.0,0.0
2015,A,45.03,0.0,0.0,0.0
2015,A,45.53,0.0,0.0,0.0
2015,A,46.03,0.0,0.0,0.0
2015,A,46.53,0.0,0.0,0.0
2015,A,47.03,0.0,0.0,0.0
2015,A,47.54,0.0,0.0,0.0
2015,A,48.04,0.0,0.0,0.0
2015,A,48.54,0.0,0.0,0.0
2015,A,49.04,0.0,0.0,0.0
2015,A,49.54,0.0,0.0,0.0
2015,A,50.04,0.0,0.0,0.0
2015,A,50.54,0.0,0.0,0.0
2015,A,51.04,0.0,0.0,0.0
2015,A,51.54,0.0,0.0,0.0
2015,A,52.04,0.0,0.0,0.0
2015,A,52.54,0.25,0.25,0.25
2015,A,53.04,0.5,0.5,0.5
2015,A,53.54,0.75,0.75,0.75
2015,A,54.04,1.0,1.0,1.0
2015,A,54.54,1.25,1.25,1.25
2015,A,55.04,1.5,1.5,1.5
2015,A,55.54,1.75,1.75,1.75
2015,A,56.04,2.0,2.0,2.0
2015,A,56.54,2.25,2.25,2.25
2015,A,57.04,2.5,2.5,2.5
2015,A,57.54,2.75,2.75,2.75
2015,A,58.04,3.0,3.0,3.0
2015,A,58.54,3.25,3.25,3.25
2015,A,59.04,3.5,3.5,3.5
2015,A,59.54,3.75,3.75,3.75
2015,A,60.04,4.0,4.0,4.0
2015,A,60.54,4.25,4.25,4.25
2015,A,61.04,4.5,4.5,4.5
2015,A,61.54,4.75,4.75,4.75
2015,A,62.04,5.0,5.0,5.0
2015,A,62.54,5.25,5.25,5.25
2015,A,63.04,5.5,5.5,5.5
2015,A,63.54,5.75,5.75,5.75
2015,A,64.04,6.0,6.0,6.0
2015,A,64.54,6.25,6.25,6.25
2015,A,65.04,6.5,6.5,6.5
2015,A,65.54,6.75,6.75,6.75
2015,A,66.04,7.0,7.0,7.0
2015,A,66.54,7.25,7.25,7.25
2015,A,67.04,7.5,7.5,7.5
2015,A,67.54,7.75,7.75,7.75
2015,A,68.04,8.0,8.0,8.0
2015,A,68.54,8.25,8.25,8.25
2015,A,69.04,8.5,8.5,8.5
2015,A,69.54,8.75,8.75,8.75
2015,A,70.04,9.0,9.0,9.0
2015,A,70.54,9.25,9.25,9.25
2015,A,71.04,9.5,9.5,9.5
2015,A,71.54,9.75,9.75,9.75
2015,A,72.04,10.0,10.0,10.0
2015,A,72.54,10.25,10.25,10.25
2015,A,73.04,10.5,10.5,10.5
2015,A,73.54,10.75,10.75,10.75
2015,A,74.04,11.0,11.0,11.0
2015,A,74.54,11.25,11.25,11.25
2015,A,75.04,11.5,11.5,11.5
2015,A,75.54,11.75,11.75,11.75
2015,A,76.04,12.0,12.0,12.0
2015,A,76.54,12.25,12.25,12.25
2015,A,77.05,12.5,12.5,12.5
2015,A,77.55,12.75,12.75,12.75
2015,A,78.05,13.0,13.01,13.01
2015,A,78.55,13.25,13.26,13.26
2015,A,79.05,13.5,13.51,13.51
2015,A,79.55,13.75,13.76,13.76
2015,A,80.05,14.0,14.01,14.01
2015,A,80.55,14.25,14.26,14.26
2015,A,81.05,14.5,14.51,14.51
2015,A,81.55,14.75,14.76,14.76
2015,A,82.05,15.01,15.01,15.01
2015,A,82.55,15.26,15.26,15.26
2015,A,83.05,15.51,15.51,15.51
2015,A,83.55,15.76,15.76,15.76
2015,A,84.05,16.01,16.01,16.01
2015,A,84.55,16.26,16.26,16.26
2015,A,85.05,16.51,16.51,16.51
2015,A,85.55,16.76,16.76,16.76
2015,A,86.05,17.01,17.01,17.01
2015,A,86.55,17.26,17.26,17.26
2015,A,87.05,17.51,17.51,17.51
2015,A,87.55,17.76,17.76,17.76
2015,A,88.05,18.01,18.01,18.01
2015,A,88.55,18.26,18.26,18.26
2015,A,89.05,18.51,18.51,18.51
2015,A,89.55,18.76,18.76,18.76
2015,A,90.05,19.01,19.01,19.01
2015,A,90.55,19.26,19.26,19.26
2015,A,91.05,19.51,19.51,19.51
2015,A,91.55,19.76,19.76,19.76
2015,A,92.05,20.01,20.01,20.01
2015,A,92.55,20.26,20.26,20.26
2015,A,93.05,20.51,20.51,20.51
2015,A,93.55,20.76,20.76,20.76
2015,A,94.05,21.01,21.01,21.01
2015,A,94.55,21.26,21.26,21.26
2015,A,95.05,21.51,21.51,21.51
2015,A,95.55,21.76,21.76,21.76
2015,A,96.05,22.01,22.01,22.01
2015,A,96.57,22.01,22.18,22.27
2015,A,97.07,22.27,22.43,22.52
2015,A,97.57,22.52,22.68,22.77
2015,A,98.07,22.77,22.93,23.02
2015,A,98.57,23.02,23.18,23.27
2015,A,99.07,23.27,23.43,23.52
2015,A,99.57,23.52,23.68,23.77
2015,A,100.07,24.01,24.02,24.02
2015,A,100.57,24.26,24.27,24.27
2015,A,101.07,24.51,24.52,24.52
2015,A,101.57,24.76,24.77,24.77
2015,A,102.07,25.01,25.02,25.02
2015,A,102.57,25.26,25.27,25.27
2015,A,103.07,25.51,25.52,25.52
2015,A,103.57,25.76,25.77,25.77
2015,A,104.07,26.01,26.02,26.02
2015,A,104.57,26.26,26.27,26.27
2015,A,105.07,26.51,26.52,26.52
2015,A,105.57,26.76,26.77,26.77
2015,A,106.07,27.01,27.02,27.02
2015,A,106.57,27.26,27.27,27.27
2015,A,107.07,27.51,27.52,27.52
2015,A,107.57,27.76,27.77,27.77
2015,A,108.07,28.01,28.02,28.02
2015,A,108.57,28.26,28.27,28.27
2015,A,109.07,28.51,28.52,28.52
2015,A,109.57,28.76,28.77,28.77
2015,A,110.07,29.01,29.02,29.02
2015,A,110.57,29.26,29.27,29.27
2015,A,111.07,29.51,29.52,29.52
2015,A,111.57,29.76,29.77,29.77
2015,A,112.08,30.01,30.02,30.02
2015,A,112.58,30.26,30.27,30.27
2015,A,113.08,30.51,30.52,30.52
2015,A,113.58,30.76,30.77,30.77
2015,A,114.08,31.01,31.02,31.02
2015,A,114.58,31.26,31.27,31.27
2015,A,115.08,31.51,31.52,31.52
2015,A,115.58,31.76,31.77,31.77
2015,A,116.08,32.01,32.02,32.02
2015,A,116.58,32.26,32.27,32.27
2015,A,117.08,32.51,32.52,32.52
2015,A,117.58,32.76,32.77,32.77
2015,A,118.08,33.01,33.02,33.02
2015,A,118.58,33.26,33.27,33.27
2015,A,119.08,33.51,33.52,33.52
2015,A,119.58,33.76,33.77,33.77
2015,A,120.08,34.01,34.02,34.02
2015,A,120.58,34.26,34.27,34.27
2015,A,121.08,34.51,34.52,34.52
2015,A,121.58,34.76,34.77,34.77
2015,A,122.08,35.01,35.02,35.02
2015,A,122.58,35.02,35.18,35.27
2016,D,0.0,100.0,100.0,100.0
2016,D,0.5,100.0,100.0,100.0
2016,D,1.0,100.0,100.0,100.0
2016,D,1.5,100.0,100.0,100.0
2016,D,2.0,100.0,100.0,100.0
2016,D,2.5,100.0,100.0,100.0
2016,D,3.0,100.0,100.0,100.0
2016,D,3.5,100.0,100.0,100.0
2016,D,4.0,100.0,100.0,100.0
2016,D,4.5,100.0,100.0,100.0
2016,D,5.0,100.0,100.0,100.0
2016,D,5.51,100.0,100.0,100.0
2016,D,6.01,100.0,100.0,100.0
2016,D,6.51,100.0,100.0,100.0
2016,D,7.01,97.5,98.33,100.0
2016,D,7.51,95.0,95.83,97.5
2016,D,8.01,92.49,94.24,97.75
2016,D,8.51,92.74,94.49,98.0
2016,D,9.01,92.99,94.74,98.25
2016,D,9.52,93.24,94.99,98.5
2016,D,10.02,93.49,95.24,98.75
2016,D,10.52,93.74,95.49,99.0
2016,D,11.02,93.99,95.74,99.25
2016,D,11.52,94.24,96.0,99.5
2016,D,12.02,94.49,95.33,97.0
2016,D,12.52,91.99,92.83,94.5
2016,D,13.02,89.49,90.33,92.0
2016,D,13.52,86.99,87.83,89.5
2016,D,14.02,84.49,85.33,87.0
2016,D,14.52,81.99,82.82,84.49
2016,D,15.02,79.49,80.32,81.99
2016,D,15.52,76.99,77.82,79.49
2016,D,16.02,74.49,75.32,76.99
2016,D,16.52,71.99,72.82,74.49
2016,D,17.03,69.49,70.32,71.99
2016,D,17.53,66.99,67.82,69.49
2016,D,18.03,64.49,65.32,66.99
2016,D,18.53,61.98,62.82,64.49
2016,D,19.03,59.48,60.32,61.99
2016,D,19.53,56.98,57.82,59.49
2016,D,20.03,54.48,56.23,59.74
2016,D,20.53,54.73,56.48,59.99
2016,D,21.03,54.98,56.73,60.24
2016,D,21.53,55.23,56.98,60.49
2016,D,22.03,55.48,57.23,60.74
2016,D,22.53,55.73,57.48,60.99
2016,D,23.03,55.98,57.73,61.24
2016,D,23.53,56.23,57.98,61.49
2016,D,24.03,56.48,57.32,58.99
2016,D,24.53,53.98,54.81,56.48
2016,D,25.03,51.48,52.31,53.98
2016,D,25.53,48.98,49.81,51.48
2016,D,26.03,46.48,47.31,48.98
2016,D,26.53,43.98,44.81,46.48
2016,D,27.03,41.48,42.31,43.98
2016,D,27.53,38.98,39.81,41.48
2016,D,28.03,36.48,37.31,38.98
2016,D,28.53,33.97,34.81,36.48
2016,D,29.03,31.47,32.31,33.98
2016,D,29.53,28.97,29.81,31.48
2016,D,30.03,26.47,27.3,28.97
2016,D,30.53,23.97,24.8,26.47
2016,D,31.03,21.47,22.3,23.97
2016,D,31.53,18.96,19.8,21.47
2016,D,32.03,16.46,18.21,21.72
2016,D,32.53,13.96,15.71,19.22
2016,D,33.03,11.46,13.21,16.72
2016,D,33.54,8.96,10.71,14.22
2016,D,34.04,6.46,8.21,11.72
2016,D,34.54,3.96,5.71,9.22
2016,D,35.04,1.46,3.21,6.71
2016,D,35.54,0.0,1.4,4.21
2016,D,36.04,0.0,0.57,1.71
2016,D,36.54,0.0,0.0,0.0
2016,D,37.04,0.0,0.0,0.0
2016,D,37.54,0.0,0.0,0.0
2016,D,38.04,0.0,0.0,0.0
2016,D,38.54,0.0,0.0,0.0
2016,D,39.04,0.0,0.0,0.0
2016,D,39.54,0.0,0.0,0.0
2016,D,40.04,0.0,0.0,0.0
2016,D,40.54,0.0,0.0,0.0
2016,D,41.04,0.0,0.0,0.0
2016,D,41.54,0.0,0.0,0.0
2016,D,42.04,0.0,0.0,0.0
2016,D,42.54,0.0,0.0,0.0
2016,D,43.04,0.0,0.0,0.0
2016,D,43.54,0.0,0.0,0.0
2016,D,44.04,0.0,0.0,0.0
2016,D,44.54,0.0,0.0,0.0
2016,D,45.04,0.0,0.0,0.0
2016,D,45.54,0.0,0.0,0.0
2016,D,46.04,0.0,0.0,0.0
2016,D,46.54,0.0,0.0,0.0
2016,D,47.04,0.0,0.0,0.0
2016,D,47.54,0.0,0.0,0.0
2016,D,48.04,0.0,0.0,0.0
2016,D,48.54,0.0,0.0,0.0
2016,D,49.04,0.0,0.0,0.0
2016,D,49.54,0.0,0.0,0.0
2016,D,50.04,0.0,0.0,0.0
2016,D,50.54,0.0,0.0,0.0
2016,D,51.04,0.0,0.0,0.0
2016,D,51.54,0.0,0.0,0.0
2016,D,52.04,0.0,0.0,0.0
2016,D,52.54,0.0,0.0,0.0
2016,D,53.04,0.25,0.25,0.25
2016,D,53.54,0.5,0.5,0.5
2016,D,54.04,0.75,0.75,0.75
2016,D,54.54,1.0,1.0,1.0
2016,D,55.04,1.25,1.25,1.25
2016,D,55.54,1.5,1.5,1.5
2016,D,56.04,1.75,1.75,1.75
2016,D,56.54,2.0,2.0,2.0
2016,D,57.04,2.25,2.25,2.25
2016,D,57.54,2.5,2.5,2.5
2016,D,58.04,2.75,2.75,2.75
2016,D,58.54,3.0,3.0,3.0
2016,D,59.04,3.25,3.25,3.25
2016,D,59.54,3.5,3.5,3.5
2016,D,60.05,3.75,3.75,3.75
2016,D,60.55,4.0,4.0,4.0
2016,D,61.05,4.25,4.25,4.25
2016,D,61.55,4.5,4.5,4.5
2016,D,62.05,4.75,4.75,4.75
2016,D,62.55,5.0,5.0,5.0
2016,D,63.05,5.25,5.25,5.25
2016,D,63.55,5.5,5.5,5.5
2016,D,64.05,5.75,5.75,5.75
2016,D,64.55,6.0,6.0,6.0
2016,D,65.05,6.25,6.25,6.25
2016,D,65.55,6.5,6.5,6.5
2016,D,66.05,6.75,6.75,6.75
2016,D,66.55,7.0,7.0,7.0
2016,D,67.05,7.25,7.25,7.25
2016,D,67.55,7.5,7.5,7.5
2016,D,68.05,7.75,7.75,7.75
2016,D,68.55,8.0,8.0,8.0
2016,D,69.05,8.25,8.25,8.25
2016,D,69.55,8.5,8.5,8.5
2016,D,70.05,8.75,8.75,8.75
2016,D,70.55,9.0,9.0,9.0
2016,D,71.05,9.25,9.25,9.25
2016,D,71.55,9.5,9.5,9.5
2016,D,72.05,9.75,9.75,9.75
2016,D,72.55,10.0,10.0,10.0
2016,D,73.05,10.25,10.25,10.25
2016,D,73.55,10.5,10.5,10.5
2016,D,74.05,10.75,10.75,10.75
2016,D,74.55,11.0,11.0,11.0
2016,D,75.05,11.25,11.25,11.25
2016,D,75.55,11.5,11.5,11.5
2016,D,76.05,11.75,11.75,11.75
2016,D,76.55,12.0,12.0,12.0
2016,D,77.05,12.25,12.25,12.25
2016,D,77.55,12.5,12.51,12.51
2016,D,78.05,12.75,12.76,12.76
2016,D,78.55,13.0,13.01,13.01
2016,D,79.05,13.25,13.26,13.26
2016,D,79.55,13.51,13.51,13.51
2016,D,80.05,13.76,13.76,13.76
2016,D,80.55,14.01,14.01,14.01
2016,D,81.05,14.26,14.26,14.26
2016,D,81.55,14.51,14.51,14.51
2016,D,82.05,14.76,14.76,14.76
2016,D,82.55,15.01,15.01,15.01
2016,D,83.05,15.26,15.26,15.26
2016,D,83.55,15.51,15.51,15.51
2016,D,84.05,15.76,15.76,15.76
2016,D,84.55,16.01,16.01,16.01
2016,D,85.06,16.26,16.26,16.26
2016,D,85.56,16.51,16.51,16.51
2016,D,86.06,16.76,16.76,16.76
2016,D,86.56,17.01,17.01,17.01
2016,D,87.06,17.26,17.26,17.26
2016,D,87.56,17.51,17.51,17.51
2016,D,88.06,17.76,17.76,17.76
2016,D,88.56,18.01,18.01,18.01
2016,D,89.06,18.26,18.26,18.26
2016,D,89.56,18.51,18.51,18.51
2016,D,90.06,18.76,18.76,18.76
2016,D,90.56,19.01,19.01,19.01
2016,D,91.06,19.26,19.26,19.26
2016,D,91.56,19.51,19.51,19.51
2016,D,92.06,19.76,19.76,19.76
2016,D,92.56,20.01,20.01,20.01
2016,D,93.06,20.26,20.26,20.26
2016,D,93.56,20.51,20.51,20.51
2016,D,94.06,20.76,20.76,20.76
2016,D,94.56,21.01,21.01,21.01
2016,D,95.06,21.26,21.26,21.26
2016,D,95.56,21.51,21.51,21.51
2016,D,96.06,21.76,21.76,21.76
2016,D,96.56,22.01,22.01,22.01
2016,D,97.06,22.26,22.26,22.26
2016,D,97.56,22.51,22.51,22.51
2016,D,98.06,22.76,22.76,22.76
2016,D,98.56,23.01,23.01,23.01
2016,D,99.06,23.26,23.26,23.26
2016,D,99.56,23.51,23.51,23.51
2016,D,100.06,23.76,23.76,23.76
2016,D,100.56,24.01,24.01,24.01
2016,D,101.06,24.26,24.26,24.26
2016,D,101.56,24.51,24.51,24.51
2016,D,102.06,24.76,24.76,24.76
2016,D,102.56,25.01,25.01,25.01
2016,D,103.06,25.26,25.26,25.26
2016,D,103.56,25.51,25.51,25.51
2016,D,104.06,25.76,25.76,25.76
2016,D,104.56,26.01,26.01,26.01
2016,D,105.06,26.26,26.26,26.26
2016,D,105.56,26.51,26.51,26.51
2016,D,106.06,26.76,26.76,26.76
2016,D,106.56,27.01,27.01,27.01
2016,D,107.06,27.26,27.26,27.26
2016,D,107.56,27.51,27.51,27.51
2016,D,108.06,27.76,27.76,27.76
2016,D,108.56,28.01,28.01,28.01
2016,D,109.06,28.26,28.26,28.26
2016,D,109.57,28.51,28.51,28.51
2016,D,110.07,28.76,28.76,28.76
2016,D,110.57,29.01,29.01,29.01
2016,D,111.07,29.26,29.26,29.26
2016,D,111.57,29.51,29.51,29.51
2016,D,112.07,29.76,29.76,29.76
2016,D,112.57,30.01,30.01,30.01
2016,D,113.07,30.26,30.26,30.26
2016,D,113.57,30.51,30.51,30.51
2016,D,114.07,30.76,30.76,30.76
2016,D,114.57,31.01,31.01,31.01
2016,D,115.07,31.26,31.26,31.26
2016,D,115.57,31.51,31.51,31.51
2016,D,116.07,31.76,31.76,31.76
2016,D,116.57,32.01,32.01,32.01
2016,D,117.07,32.26,32.26,32.26
2016,D,117.57,32.51,32.51,32.51
2016,D,118.07,32.76,32.76,32.76
2016,D,118.57,33.01,33.01,33.01
2016,D,119.07,33.26,33.26,33.26
2016,D,119.57,33.51,33.51,33.51
2016,D,120.07,33.76,33.76,33.76
2016,D,120.57,34.01,34.01,34.01
2016,D,121.07,34.26,34.26,34.26
2016,D,121.57,34.51,34.51,34.51
2016,D,122.07,34.76,34.76,34.76
2016,D,122.57,35.01,35.01,35.01
2017,B,0.0,100.0,100.0,100.0
2017,B,0.5,100.0,100.0,100.0
2017,B,1.0,100.0,100.0,100.0
2017,B,1.5,100.0,100.0,100.0
2017,B,2.0,100.0,100.0,100.0
2017,B,2.5,100.0,100.0,100.0
2017,B,3.0,100.0,100.0,100.0
2017,B,3.5,100.0,100.0,100.0
2017,B,4.0,100.0,100.0,100.0
2017,B,4.5,100.0,100.0,100.0
2017,B,5.01,100.0,100.0,100.0
2017,B,5.51,100.0,100.0,100.0
2017,B,6.01,100.0,100.0,100.0
2017,B,6.51,100.0,100.0,100.0
2017,B,7.01,100.0,100.0,100.0
2017,B,7.51,97.49,98.33,100.0
2017,B,8.01,94.99,95.82,97.48
2017,B,8.51,92.49,94.24,95.25
2017,B,9.01,92.47,93.57,95.5
2017,B,9.51,92.72,93.82,95.75
2017,B,10.01,92.97,94.07,96.0
2017,B,10.51,93.22,94.32,96.25
2017,B,11.01,93.47,94.57,96.5
2017,B,11.52,93.72,94.82,96.75
2017,B,12.02,93.97,95.07,97.0
2017,B,12.52,91.74,93.49,94.5
2017,B,13.02,89.23,90.98,92.0
2017,B,13.52,86.73,88.48,89.5
2017,B,14.02,84.23,85.98,87.0
2017,B,14.52,81.73,83.48,84.49
2017,B,15.02,79.22,80.97,81.99
2017,B,15.52,76.72,78.47,79.49
2017,B,16.02,74.22,75.97,76.99
2017,B,16.52,71.72,73.47,74.49
2017,B,17.02,69.22,70.97,71.99
2017,B,17.52,69.21,69.31,69.49
2017,B,18.02,66.7,66.8,66.99
2017,B,18.52,64.2,64.3,64.49
2017,B,19.02,61.69,61.79,61.99
2017,B,19.52,59.19,59.29,59.48
2017,B,20.02,56.69,56.79,56.98
2017,B,20.52,54.18,55.2,57.23
2017,B,21.02,54.43,55.45,57.48
2017,B,21.52,54.68,55.7,57.73
2017,B,22.02,54.93,55.95,57.98
2017,B,22.52,55.18,56.2,58.23
2017,B,23.02,55.43,56.45,58.48
2017,B,23.52,55.68,56.7,58.73
2017,B,24.02,55.93,56.95,58.98
2017,B,24.52,56.18,56.28,56.48
2017,B,25.02,53.68,53.78,53.98
2017,B,25.52,51.18,51.28,51.48
2017,B,26.02,48.68,48.78,48.98
2017,B,26.53,46.18,46.28,46.48
2017,B,27.03,43.68,43.78,43.98
2017,B,27.53,41.17,41.28,41.48
2017,B,28.03,38.67,38.78,38.98
2017,B,28.53,36.17,36.27,36.47
2017,B,29.03,33.67,33.77,33.97
2017,B,29.53,31.17,31.27,31.47
2017,B,30.03,28.67,28.77,28.97
2017,B,30.53,26.17,26.27,26.47
2017,B,31.03,23.67,23.77,23.97
2017,B,31.53,21.16,21.27,21.47
2017,B,32.03,18.66,18.77,18.97
2017,B,32.53,16.16,16.27,16.47
2017,B,33.03,13.66,13.76,13.96
2017,B,33.53,11.16,11.26,11.46
2017,B,34.03,8.66,8.76,8.96
2017,B,34.53,6.16,6.26,6.46
2017,B,35.03,3.65,3.76,3.96
2017,B,35.53,1.15,1.26,1.46
2017,B,36.03,0.0,0.0,0.0
2017,B,36.53,0.0,0.0,0.0
2017,B,37.03,0.0,0.0,0.0
2017,B,37.53,0.0,0.0,0.0
2017,B,38.03,0.0,0.0,0.0
2017,B,38.53,0.0,0.0,0.0
2017,B,39.03,0.0,0.0,0.0
2017,B,39.53,0.0,0.0,0.0
2017,B,40.03,0.0,0.0,0.0
2017,B,40.53,0.0,0.0,0.0
2017,B,41.03,0.0,0.0,0.0
2017,B,41.53,0.0,0.0,0.0
2017,B,42.03,0.0,0.0,0.0
2017,B,42.53,0.0,0.0,0.0
2017,B,43.03,0.0,0.0,0.0
2017,B,43.53,0.0,0.0,0.0
2017,B,44.03,0.0,0.0,0.0
2017,B,44.53,0.0,0.0,0.0
2017,B,45.04,0.0,0.0,0.0
2017,B,45.54,0.0,0.0,0.0
2017,B,46.04,0.0,0.0,0.0
2017,B,46.54,0.0,0.0,0.0
2017,B,47.04,0.0,0.0,0.0
2017,B,47.54,0.0,0.0,0.0
2017,B,48.04,0.0,0.0,0.0
2017,B,48.54,0.0,0.0,0.0
2017,B,49.04,0.0,0.0,0.0
2017,B,49.54,0.0,0.0,0.0
2017,B,50.04,0.0,0.0,0.0
2017,B,50.54,0.0,0.0,0.0
2017,B,51.04,0.0,0.0,0.0
2017,B,51.54,0.0,0.0,0.0
2017,B,52.04,0.0,0.0,0.0
2017,B,52.54,0.0,0.17,0.25
2017,B,53.04,0.25,0.42,0.5
2017,B,53.54,0.75,0.75,0.75
2017,B,54.04,1.0,1.0,1.0
2017,B,54.54,1.25,1.25,1.25
2017,B,55.04,1.5,1.5,1.5
2017,B,55.54,1.75,1.75,1.75
2017,B,56.04,2.0,2.0,2.0
2017,B,56.54,2.25,2.25,2.25
2017,B,57.04,2.5,2.5,2.5
2017,B,57.54,2.75,2.75,2.75
2017,B,58.04,3.0,3.0,3.0
2017,B,58.54,3.25,3.25,3.25
2017,B,59.04,3.5,3.5,3.5
2017,B,59.54,3.75,3.75,3.75
2017,B,60.04,4.0,4.0,4.0
2017,B,60.54,4.25,4.25,4.25
2017,B,61.04,4.5,4.5,4.5
2017,B,61.54,4.75,4.75,4.75
2017,B,62.04,5.0,5.0,5.0
2017,B,62.54,5.25,5.25,5.25
2017,B,63.04,5.5,5.5,5.5
2017,B,63.54,5.75,5.75,5.75
2017,B,64.04,6.0,6.0,6.0
2017,B,64.54,6.25,6.25,6.25
2017,B,65.04,6.5,6.5,6.5
2017,B,65.54,6.75,6.75,6.75
2017,B,66.04,7.0,7.0,7.0
2017,B,66.54,7.25,7.25,7.25
2017,B,67.04,7.5,7.5,7.5
2017,B,67.54,7.75,7.75,7.75
2017,B,68.04,8.0,8.0,8.0
2017,B,68.54,8.25,8.25,8.25
2017,B,69.04,8.5,8.5,8.5
2017,B,69.55,8.75,8.75,8.75
2017,B,70.05,9.0,9.0,9.0
2017,B,70.55,9.25,9.25,9.25
2017,B,71.05,9.5,9.5,9.5
2017,B,71.55,9.75,9.75,9.75
2017,B,72.05,10.0,10.0,10.0
2017,B,72.55,10.25,10.25,10.25
2017,B,73.05,10.5,10.5,10.5
2017,B,73.55,10.75,10.75,10.75
2017,B,74.05,11.0,11.0,11.0
2017,B,74.55,11.25,11.25,11.25
2017,B,75.05,11.5,11.5,11.5
2017,B,75.55,11.75,11.75,11.75
2017,B,76.05,12.0,12.0,12.0
2017,B,76.55,12.25,12.25,12.25
2017,B,77.05,12.5,12.5,12.51
2017,B,77.55,12.75,12.75,12.76
2017,B,78.05,13.0,13.0,13.01
2017,B,78.55,13.25,13.25,13.26
2017,B,79.05,13.5,13.5,13.51
2017,B,79.55,13.76,13.76,13.76
2017,B,80.05,14.01,14.01,14.01
2017,B,80.55,14.26,14.26,14.26
2017,B,81.05,14.51,14.51,14.51
2017,B,81.55,14.76,14.76,14.76
2017,B,82.05,15.01,15.01,15.01
2017,B,82.55,15.26,15.26,15.26
2017,B,83.05,15.51,15.51,15.51
2017,B,83.55,15.76,15.76,15.76
2017,B,84.05,16.01,16.01,16.01
2017,B,84.55,16.26,16.26,16.26
2017,B,85.05,16.51,16.51,16.51
2017,B,85.55,16.76,16.76,16.76
2017,B,86.05,17.01,17.01,17.01
2017,B,86.55,17.26,17.26,17.26
2017,B,87.05,17.51,17.51,17.51
2017,B,87.55,17.76,17.76,17.76
2017,B,88.05,18.01,18.01,18.01
2017,B,88.55,18.26,18.26,18.26
2017,B,89.05,18.51,18.51,18.51
2017,B,89.55,18.76,18.76,18.76
2017,B,90.05,19.01,19.01,19.01
2017,B,90.55,19.26,19.26,19.26
2017,B,91.05,19.51,19.51,19.51
2017,B,91.55,19.76,19.76,19.76
2017,B,92.05,20.01,20.01,20.01
2017,B,92.55,20.26,20.26,20.26
2017,B,93.05,20.51,20.51,20.51
2017,B,93.55,20.76,20.76,20.76
2017,B,94.05,21.01,21.01,21.01
2017,B,94.55,21.26,21.26,21.26
2017,B,95.05,21.51,21.51,21.51
2017,B,95.55,21.76,21.76,21.76
2017,B,96.06,22.01,22.01,22.01
2017,B,96.56,22.26,22.26,22.26
2017,B,97.06,22.51,22.51,22.51
2017,B,97.56,22.76,22.76,22.76
2017,B,98.06,23.01,23.01,23.01
2017,B,98.56,23.26,23.26,23.26
2017,B,99.06,23.51,23.51,23.51
2017,B,99.56,23.76,23.76,23.76
2017,B,100.06,24.01,24.01,24.01
2017,B,100.56,24.26,24.26,24.26
2017,B,101.06,24.51,24.51,24.51
2017,B,101.56,24.76,24.76,24.76
2017,B,102.06,25.01,25.01,25.01
2017,B,102.56,25.26,25.26,25.26
2017,B,103.06,25.51,25.51,25.51
2017,B,103.56,25.76,25.76,25.76
2017,B,104.06,26.01,26.01,26.01
2017,B,104.56,26.26,26.26,26.26
2017,B,105.06,26.51,26.51,26.51
2017,B,105.56,26.76,26.76,26.76
2017,B,106.06,27.01,27.01,27.01
2017,B,106.56,27.26,27.26,27.26
2017,B,107.06,27.51,27.51,27.51
2017,B,107.56,27.76,27.76,27.76
2017,B,108.06,28.01,28.01,28.01
2017,B,108.56,28.26,28.26,28.26
2017,B,109.06,28.51,28.51,28.51
2017,B,109.56,28.76,28.76,28.76
2017,B,110.06,29.01,29.01,29.01
2017,B,110.56,29.26,29.26,29.26
2017,B,111.06,29.51,29.51,29.51
2017,B,111.56,29.76,29.76,29.76
2017,B,112.06,30.01,30.01,30.01
2017,B,112.56,30.26,30.26,30.26
2017,B,113.06,30.51,30.51,30.51
2017,B,113.56,30.76,30.76,30.76
2017,B,114.06,31.01,31.01,31.01
2017,B,114.56,31.26,31.26,31.26
2017,B,115.06,31.51,31.51,31.51
2017,B,115.56,31.76,31.76,31.76
2017,B,116.06,32.01,32.01,32.01
2017,B,116.56,32.26,32.26,32.26
2017,B,117.06,32.51,32.51,32.51
2017,B,117.56,32.76,32.76,32.76
2017,B,118.06,33.01,33.01,33.01
2017,B,118.56,33.26,33.26,33.26
2017,B,119.06,33.51,33.51,33.51
2017,B,119.56,33.76,33.76,33.76
2017,B,120.06,34.01,34.01,34.01
2017,B,120.56,34.26,34.26,34.26
2017,B,121.06,34.51,34.51,34.51
2017,B,121.56,34.76,34.76,34.76
2017,B,122.06,35.01,35.01,35.01
2017,B,122.56,35.26,35.26,35.26
2018,B,0.0,100.0,100.0,100.0
2018,B,0.5,100.0,100.0,100.0
2018,B,1.0,100.0,100.0,100.0
2018,B,1.5,100.0,100.0,100.0
2018,B,2.0,100.0,100.0,100.0
2018,B,2.5,100.0,100.0,100.0
2018,B,3.0,100.0,100.0,100.0
2018,B,3.5,100.0,100.0,100.0
2018,B,4.0,100.0,100.0,100.0
2018,B,4.5,100.0,100.0,100.0
2018,B,5.01,100.0,100.0,100.0
2018,B,5.51,100.0,100.0,100.0
2018,B,6.01,100.0,100.0,100.0
2018,B,6.51,100.0,100.0,100.0
2018,B,7.01,100.0,100.0,100.0
2018,B,7.51,97.5,98.33,100.0
2018,B,8.01,94.98,96.66,97.5
2018,B,8.51,94.98,95.07,95.23
2018,B,9.01,92.47,93.48,95.48
2018,B,9.51,92.72,93.73,95.73
2018,B,10.01,92.97,93.98,95.98
2018,B,10.51,93.22,94.23,96.23
2018,B,11.01,93.47,94.48,96.48
2018,B,11.51,93.72,94.73,96.73
2018,B,12.01,93.97,94.06,94.23
2018,B,12.51,91.73,93.4,94.24
2018,B,13.01,89.23,90.89,91.73
2018,B,13.51,86.73,88.39,89.23
2018,B,14.01,84.23,85.89,86.73
2018,B,14.52,81.73,83.39,84.23
2018,B,15.02,79.22,80.89,81.73
2018,B,15.52,76.72,78.38,79.22
2018,B,16.02,74.22,75.88,76.72
2018,B,16.52,71.71,73.38,74.22
2018,B,17.02,69.21,70.88,71.72
2018,B,17.52,66.7,68.37,69.22
2018,B,18.02,64.2,65.87,66.71
2018,B,18.52,61.7,62.54,64.21
2018,B,19.02,59.19,60.03,61.7
2018,B,19.52,56.69,57.53,59.19
2018,B,20.02,54.19,55.02,56.69
2018,B,20.52,51.69,53.44,54.44
2018,B,21.03,51.69,52.77,54.69
2018,B,21.53,51.94,53.02,54.94
2018,B,22.03,52.19,53.27,55.19
2018,B,22.53,52.44,53.52,55.44
2018,B,23.03,52.69,53.77,55.69
2018,B,23.53,52.94,54.03,55.95
2018,B,24.03,53.19,54.28,56.2
2018,B,24.53,53.44,53.61,53.7
2018,B,25.03,51.19,52.02,53.69
2018,B,25.53,48.69,49.52,51.19
2018,B,26.03,46.19,47.02,48.69
2018,B,26.53,43.69,44.52,46.19
2018,B,27.03,41.18,42.02,43.69
2018,B,27.53,38.68,39.51,41.18
2018,B,28.03,36.18,37.01,38.68
2018,B,28.53,33.68,34.51,36.18
2018,B,29.03,31.17,32.01,33.68
2018,B,29.53,28.67,29.51,31.18
2018,B,30.03,26.17,27.01,28.68
2018,B,30.53,23.67,24.51,26.18
2018,B,31.03,21.17,22.01,23.68
2018,B,31.53,18.66,19.5,21.17
2018,B,32.03,16.15,16.99,18.67
2018,B,32.53,13.65,14.49,16.16
2018,B,33.03,11.15,11.99,13.66
2018,B,33.53,8.65,9.49,11.16
2018,B,34.03,6.15,6.99,8.66
2018,B,34.53,3.65,4.49,6.16
2018,B,35.03,1.14,1.99,3.66
2018,B,35.53,0.0,0.38,1.15
2018,B,36.03,0.0,0.0,0.0
2018,B,36.53,0.0,0.0,0.0
2018,B,37.03,0.0,0.0,0.0
2018,B,37.53,0.0,0.0,0.0
2018,B,38.03,0.0,0.0,0.0
2018,B,38.53,0.0,0.0,0.0
2018,B,39.03,0.0,0.0,0.0
2018,B,39.53,0.0,0.0,0.0
2018,B,40.03,0.0,0.0,0.0
2018,B,40.53,0.0,0.0,0.0
2018,B,41.04,0.0,0.0,0.0
2018,B,41.54,0.0,0.0,0.0
2018,B,42.04,0.0,0.0,0.0
2018,B,42.54,0.0,0.0,0.0
2018,B,43.04,0.0,0.0,0.0
2018,B,43.54,0.0,0.0,0.0
2018,B,44.04,0.0,0.0,0.0
2018,B,44.54,0.0,0.0,0.0
2018,B,45.04,0.0,0.0,0.0
2018,B,45.54,0.0,0.0,0.0
2018,B,46.04,0.0,0.0,0.0
2018,B,46.54,0.0,0.0,0.0
2018,B,47.04,0.0,0.0,0.0
2018,B,47.54,0.0,0.0,0.0
2018,B,48.04,0.0,0.0,0.0
2018,B,48.54,0.0,0.0,0.0
2018,B,49.04,0.0,0.0,0.0
2018,B,49.54,0.0,0.0,0.0
2018,B,50.04,0.0,0.0,0.0
2018,B,50.54,0.0,0.0,0.0
2018,B,51.04,0.0,0.0,0.0
2018,B,51.54,0.0,0.0,0.0
2018,B,52.04,0.0,0.0,0.0
2018,B,52.54,0.25,0.25,0.25
2018,B,53.04,0.5,0.5,0.5
2018,B,53.54,0.75,0.75,0.75
2018,B,54.04,1.0,1.0,1.0
2018,B,54.54,1.25,1.25,1.25
2018,B,55.04,1.5,1.5,1.5
2018,B,55.54,1.75,1.75,1.75
2018,B,56.04,2.0,2.0,2.0
2018,B,56.54,2.25,2.25,2.25
2018,B,57.04,2.5,2.5,2.5
2018,B,57.54,2.75,2.75,2.75
2018,B,58.04,3.0,3.0,3.0
2018,B,58.54,3.25,3.25,3.25
2018,B,59.04,3.5,3.5,3.5
2018,B,59.54,3.75,3.75,3.75
2018,B,60.04,4.0,4.0,4.0
2018,B,60.54,4.25,4.25,4.25
2018,B,61.04,4.5,4.5,4.5
2018,B,61.54,4.75,4.75,4.75
2018,B,62.04,5.0,5.0,5.0
2018,B,62.54,5.25,5.25,5.25
2018,B,63.04,5.5,5.5,5.5
2018,B,63.54,5.75,5.75,5.75
2018,B,64.05,6.0,6.0,6.0
2018,B,64.55,6.25,6.25,6.25
2018,B,65.05,6.5,6.5,6.5
2018,B,65.55,6.75,6.75,6.75
2018,B,66.05,7.0,7.0,7.0
2018,B,66.55,7.25,7.25,7.25
2018,B,67.05,7.5,7.5,7.5
2018,B,67.55,7.75,7.75,7.75
2018,B,68.05,8.0,8.0,8.0
2018,B,68.55,8.25,8.25,8.25
2018,B,69.05,8.5,8.5,8.5
2018,B,69.55,8.75,8.75,8.75
2018,B,70.05,9.0,9.0,9.0
2018,B,70.55,9.25,9.25,9.25
2018,B,71.05,9.5,9.5,9.5
2018,B,71.55,9.75,9.75,9.75
2018,B,72.05,10.0,10.0,10.0
2018,B,72.55,10.25,10.25,10.25
2018,B,73.05,10.5,10.5,10.5
2018,B,73.55,10.75,10.75,10.75
2018,B,74.05,11.0,11.0,11.0
2018,B,74.55,11.25,11.25,11.25
2018,B,75.05,11.5,11.5,11.5
2018,B,75.55,11.75,11.75,11.75
2018,B,76.05,12.0,12.0,12.0
2018,B,76.55,12.25,12.25,12.25
2018,B,77.05,12.5,12.5,12.51
2018,B,77.55,12.75,12.75,12.76
2018,B,78.05,13.0,13.0,13.01
2018,B,78.55,13.25,13.26,13.26
2018,B,79.05,13.5,13.51,13.51
2018,B,79.55,13.75,13.76,13.76
2018,B,80.05,14.0,14.01,14.01
2018,B,80.55,14.25,14.26,14.26
2018,B,81.05,14.5,14.51,14.51
2018,B,81.55,14.75,14.76,14.76
2018,B,82.05,15.01,15.01,15.01
2018,B,82.55,15.26,15.26,15.26
2018,B,83.05,15.51,15.51,15.51
2018,B,83.55,15.76,15.76,15.76
2018,B,84.05,16.01,16.01,16.01
2018,B,84.55,16.26,16.26,16.26
2018,B,85.05,16.51,16.51,16.51
2018,B,85.55,16.76,16.76,16.76
2018,B,86.05,17.01,17.01,17.01
2018,B,86.55,17.26,17.26,17.26
2018,B,87.05,17.51,17.51,17.51
2018,B,87.55,17.76,17.76,17.76
2018,B,88.05,18.01,18.01,18.01
2018,B,88.55,18.26,18.26,18.26
2018,B,89.05,18.51,18.51,18.51
2018,B,89.56,18.76,18.76,18.76
2018,B,90.06,19.01,19.01,19.01
2018,B,90.56,19.26,19.26,19.26
2018,B,91.06,19.51,19.51,19.51
2018,B,91.56,19.76,19.76,19.76
2018,B,92.06,20.01,20.01,20.01
2018,B,92.56,20.26,20.26,20.26
2018,B,93.06,20.51,20.51,20.51
2018,B,93.56,20.76,20.76,20.76
2018,B,94.06,21.01,21.01,21.01
2018,B,94.56,21.26,21.26,21.26
2018,B,95.06,21.51,21.51,21.51
2018,B,95.56,21.76,21.76,21.76
2018,B,96.06,22.01,22.01,22.01
2018,B,96.56,22.26,22.26,22.26
2018,B,97.06,22.51,22.51,22.51
2018,B,97.56,22.76,22.76,22.76
2018,B,98.06,23.01,23.01,23.01
2018,B,98.56,23.26,23.26,23.26
2018,B,99.06,23.51,23.51,23.51
2018,B,99.56,23.76,23.76,23.76
2018,B,100.06,24.01,24.01,24.01
2018,B,100.56,24.26,24.26,24.26
2018,B,101.06,24.51,24.51,24.51
2018,B,101.56,24.76,24.76,24.76
2018,B,102.06,25.01,25.01,25.01
2018,B,102.56,25.26,25.26,25.26
2018,B,103.06,25.51,25.51,25.51
2018,B,103.56,25.76,25.76,25.76
2018,B,104.06,26.01,26.01,26.01
2018,B,104.56,26.26,26.26,26.26
2018,B,105.06,26.51,26.51,26.51
2018,B,105.56,26.76,26.76,26.76
2018,B,106.06,27.01,27.01,27.01
2018,B,106.56,27.26,27.26,27.26
2018,B,107.06,27.51,27.51,27.51
2018,B,107.56,27.76,27.76,27.76
2018,B,108.06,28.01,28.01,28.01
2018,B,108.56,28.26,28.26,28.26
2018,B,109.19,28.26,28.35,28.53
2018,B,109.69,28.58,28.65,28.79
2018,B,110.19,28.83,28.9,29.04
2018,B,110.69,29.08,29.15,29.29
2018,B,111.19,29.33,29.4,29.54
2018,B,111.69,29.58,29.65,29.79
2018,B,112.19,29.83,29.9,30.04
2018,B,112.69,30.08,30.15,30.29
2018,B,113.19,30.33,30.4,30.54
2018,B,113.69,30.58,30.65,30.79
2018,B,114.19,30.83,30.9,31.04
2018,B,114.69,31.08,31.15,31.29
2018,B,115.19,31.33,31.4,31.54
2018,B,115.69,31.58,31.65,31.79
2018,B,116.19,31.83,31.9,32.04
2018,B,116.69,32.08,32.15,32.29
2018,B,117.19,32.33,32.4,32.54
2018,B,117.69,32.58,32.65,32.79
2018,B,118.19,32.83,32.9,33.04
2018,B,118.69,33.08,33.15,33.29
2018,B,119.19,33.33,33.4,33.54
2018,B,119.69,33.58,33.65,33.79
2018,B,120.19,33.83,33.9,34.04
2018,B,120.69,34.08,34.15,34.29
2018,B,121.19,34.33,34.4,34.54
2018,B,121.69,34.58,34.65,34.79
2018,B,122.19,34.83,34.9,35.04
2018,B,122.69,35.08,35.15,35.29
2019,B,0.0,100.0,100.0,100.0
2019,B,0.5,100.0,100.0,100.0
2019,B,1.0,100.0,100.0,100.0
2019,B,1.5,100.0,100.0,100.0
2019,B,2.0,100.0,100.0,100.0
2019,B,2.5,100.0,100.0,100.0
2019,B,3.0,100.0,100.0,100.0
2019,B,3.5,100.0,100.0,100.0
2019,B,4.0,100.0,100.0,100.0
2019,B,4.5,100.0,100.0,100.0
2019,B,5.01,100.0,100.0,100.0
2019,B,5.51,100.0,100.0,100.0
2019,B,6.01,100.0,100.0,100.0
2019,B,6.51,100.0,100.0,100.0
2019,B,7.01,100.0,100.0,100.0
2019,B,7.51,97.49,97.49,97.5
2019,B,8.01,94.99,94.99,95.0
2019,B,8.51,92.49,93.41,95.25
2019,B,9.01,92.74,93.66,95.5
2019,B,9.51,92.99,93.91,95.75
2019,B,10.02,93.24,94.16,96.0
2019,B,10.52,93.49,94.41,96.25
2019,B,11.02,93.74,94.66,96.5
2019,B,11.52,93.99,94.91,96.75
2019,B,12.02,94.24,95.16,97.0
2019,B,12.52,91.74,92.66,94.5
2019,B,13.02,89.24,90.16,92.0
2019,B,13.52,86.73,87.66,89.5
2019,B,14.02,84.23,85.16,87.0
2019,B,14.52,81.73,82.65,84.49
2019,B,15.02,79.22,80.14,81.99
2019,B,15.52,76.71,77.64,79.49
2019,B,16.02,74.21,75.14,76.99
2019,B,16.52,71.71,72.64,74.49
2019,B,17.02,69.21,70.14,71.99
2019,B,17.52,66.7,67.63,69.49
2019,B,18.02,64.2,65.13,66.99
2019,B,18.52,61.7,62.63,64.49
2019,B,19.02,59.19,60.13,61.99
2019,B,19.53,56.69,57.62,59.48
2019,B,20.03,54.18,55.12,56.98
2019,B,20.53,54.43,55.37,57.23
2019,B,21.03,54.68,55.62,57.48
2019,B,21.53,54.93,55.87,57.73
2019,B,22.03,55.18,56.12,57.98
2019,B,22.53,55.44,56.37,58.23
2019,B,23.03,55.69,56.62,58.48
2019,B,23.53,55.94,56.87,58.73
2019,B,24.03,56.19,57.12,58.98
2019,B,24.53,53.68,54.62,56.48
2019,B,25.03,51.18,52.12,53.98
2019,B,25.53,48.68,49.62,51.48
2019,B,26.03,46.18,47.12,48.98
2019,B,26.53,43.68,45.53,49.23
2019,B,27.03,41.18,43.03,46.73
2019,B,27.53,38.68,40.53,44.23
2019,B,28.03,36.18,38.03,41.73
2019,B,28.53,33.68,35.53,39.23
2019,B,29.03,31.18,33.03,36.73
2019,B,29.53,28.66,30.52,34.23
2019,B,30.03,26.16,28.02,31.72
2019,B,30.54,23.66,25.52,29.22
2019,B,31.04,21.16,23.02,26.72
2019,B,31.54,18.65,20.52,24.22
2019,B,32.04,16.15,18.02,21.72
2019,B,32.54,13.65,15.52,19.22
2019,B,33.04,11.15,13.01,16.72
2019,B,33.54,8.65,10.51,14.22
2019,B,34.04,6.15,8.01,11.72
2019,B,34.54,3.65,5.51,9.21
2019,B,35.04,1.15,3.01,6.71
2019,B,35.54,0.0,1.4,4.21
2019,B,36.04,0.0,0.57,1.71
2019,B,36.54,0.0,0.0,0.0
2019,B,37.04,0.0,0.0,0.0
2019,B,37.54,0.0,0.0,0.0
2019,B,38.04,0.0,0.0,0.0
2019,B,38.54,0.0,0.0,0.0
2019,B,39.04,0.0,0.0,0.0
2019,B,39.54,0.0,0.0,0.0
2019,B,40.04,0.0,0.0,0.0
2019,B,40.54,0.0,0.0,0.0
2019,B,41.04,0.0,0.0,0.0
2019,B,41.54,0.0,0.0,0.0
2019,B,42.04,0.0,0.0,0.0
2019,B,42.54,0.0,0.0,0.0
2019,B,43.04,0.0,0.0,0.0
2019,B,43.54,0.0,0.0,0.0
2019,B,44.04,0.0,0.0,0.0
2019,B,44.54,0.0,0.0,0.0
2019,B,45.04,0.0,0.0,0.0
2019,B,45.54,0.0,0.0,0.0
2019,B,46.04,0.0,0.0,0.0
2019,B,46.54,0.0,0.0,0.0
2019,B,47.04,0.0,0.0,0.0
2019,B,47.54,0.0,0.0,0.0
2019,B,48.04,0.0,0.0,0.0
2019,B,48.54,0.0,0.0,0.0
2019,B,49.04,0.0,0.0,0.0
2019,B,49.54,0.0,0.0,0.0
2019,B,50.04,0.0,0.0,0.0
2019,B,50.54,0.0,0.0,0.0
2019,B,51.04,0.0,0.0,0.0
2019,B,51.54,0.0,0.0,0.0
2019,B,52.04,0.0,0.0,0.0
2019,B,52.54,0.25,0.25,0.25
2019,B,53.04,0.5,0.5,0.5
2019,B,53.54,0.75,0.75,0.75
2019,B,54.04,1.0,1.0,1.0
2019,B,54.54,1.25,1.25,1.25
2019,B,55.04,1.5,1.5,1.5
2019,B,55.54,1.75,1.75,1.75
2019,B,56.05,2.0,2.0,2.0
2019,B,56.55,2.25,2.25,2.25
2019,B,57.05,2.5,2.5,2.5
2019,B,57.55,2.75,2.75,2.75
2019,B,58.05,3.0,3.0,3.0
2019,B,58.55,3.25,3.25,3.25
2019,B,59.05,3.5,3.5,3.5
2019,B,59.55,3.75,3.75,3.75
2019,B,60.05,4.0,4.0,4.0
2019,B,60.55,4.25,4.25,4.25
2019,B,61.05,4.5,4.5,4.5
2019,B,61.55,4.75,4.75,4.75
2019,B,62.05,5.0,5.0,5.0
2019,B,62.55,5.25,5.25,5.25
2019,B,63.05,5.5,5.5,5.5
2019,B,63.55,5.75,5.75,5.75
2019,B,64.05,6.0,6.0,6.0
2019,B,64.55,6.25,6.25,6.25
2019,B,65.05,6.5,6.5,6.5
2019,B,65.55,6.75,6.75,6.75
2019,B,66.05,7.0,7.0,7.0
2019,B,66.55,7.25,7.25,7.25
2019,B,67.05,7.5,7.5,7.5
2019,B,67.55,7.75,7.75,7.75
2019,B,68.05,8.0,8.0,8.0
2019,B,68.55,8.25,8.25,8.25
2019,B,69.05,8.5,8.5,8.5
2019,B,69.55,8.75,8.75,8.75
2019,B,70.05,9.0,9.0,9.0
2019,B,70.55,9.25,9.25,9.25
2019,B,71.05,9.5,9.5,9.5
2019,B,71.55,9.75,9.75,9.75
2019,B,72.05,10.0,10.0,10.0
2019,B,72.55,10.25,10.25,10.25
2019,B,73.05,10.5,10.5,10.5
2019,B,73.55,10.75,10.75,10.75
2019,B,74.05,11.0,11.0,11.0
2019,B,74.55,11.25,11.25,11.25
2019,B,75.05,11.5,11.5,11.5
2019,B,75.55,11.75,11.75,11.76
2019,B,76.05,12.0,12.0,12.01
2019,B,76.55,12.25,12.25,12.26
2019,B,77.05,12.5,12.5,12.51
2019,B,77.55,12.75,12.75,12.76
2019,B,78.05,13.0,13.01,13.01
2019,B,78.55,13.26,13.26,13.26
2019,B,79.05,13.51,13.51,13.51
2019,B,79.55,13.76,13.76,13.76
2019,B,80.05,14.01,14.01,14.01
2019,B,80.55,14.26,14.26,14.26
2019,B,81.05,14.51,14.51,14.51
2019,B,81.55,14.76,14.76,14.76
2019,B,82.06,15.01,15.01,15.01
2019,B,82.56,15.26,15.26,15.26
2019,B,83.06,15.51,15.51,15.51
2019,B,83.56,15.76,15.76,15.76
2019,B,84.06,16.01,16.01,16.01
2019,B,84.56,16.26,16.26,16.26
2019,B,85.06,16.51,16.51,16.51
2019,B,85.56,16.76,16.76,16.76
2019,B,86.06,17.01,17.01,17.01
2019,B,86.56,17.26,17.26,17.26
2019,B,87.06,17.51,17.51,17.51
2019,B,87.56,17.76,17.76,17.76
2019,B,88.06,18.01,18.01,18.01
2019,B,88.56,18.26,18.26,18.26
2019,B,89.13,18.26,18.36,18.55
2019,B,89.63,18.55,18.64,18.8
2019,B,90.13,18.8,18.89,19.05
2019,B,90.63,19.05,19.22,19.31
2019,B,91.13,19.3,19.47,19.56
2019,B,91.63,19.55,19.72,19.81
2019,B,92.13,19.8,19.97,20.06
2019,B,92.63,20.05,20.22,20.31
2019,B,93.14,20.3,20.47,20.56
2019,B,93.64,20.55,20.72,20.81
2019,B,94.14,20.8,20.97,21.06
2019,B,94.64,21.05,21.22,21.31
2019,B,95.14,21.3,21.47,21.56
2019,B,95.64,21.55,21.72,21.81
2019,B,96.14,21.8,21.97,22.06
2019,B,96.64,22.05,22.22,22.31
2019,B,97.14,22.3,22.47,22.56
2019,B,97.64,22.55,22.72,22.81
2019,B,98.14,22.8,22.97,23.06
2019,B,98.64,23.05,23.22,23.31
2019,B,99.14,23.3,23.47,23.56
2019,B,99.64,23.55,23.72,23.81
2019,B,100.14,23.8,23.97,24.06
2019,B,100.64,24.05,24.22,24.31
2019,B,101.14,24.3,24.47,24.56
2019,B,101.64,24.55,24.72,24.81
2019,B,102.14,24.8,24.97,25.06
2019,B,102.64,25.05,25.22,25.31
2019,B,103.14,25.3,25.47,25.56
2019,B,103.64,25.55,25.72,25.81
2019,B,104.14,25.8,25.97,26.06
2019,B,104.64,26.05,26.22,26.31
2019,B,105.14,26.3,26.47,26.56
2019,B,105.64,26.55,26.72,26.81
2019,B,106.14,26.8,26.97,27.06
2019,B,106.64,27.05,27.22,27.31
2019,B,107.14,27.3,27.47,27.56
2019,B,107.64,27.55,27.72,27.81
2019,B,108.14,27.8,27.97,28.06
2019,B,108.64,28.05,28.22,28.31
2019,B,109.14,28.3,28.47,28.56
2019,B,109.64,28.55,28.72,28.81
2019,B,110.14,28.8,28.97,29.06
2019,B,110.64,29.05,29.22,29.31
2019,B,111.14,29.3,29.47,29.56
2019,B,111.64,29.55,29.72,29.81
2019,B,112.14,29.8,29.97,30.06
2019,B,112.64,30.05,30.22,30.31
2019,B,113.14,30.3,30.47,30.56
2019,B,113.64,30.8,30.8,30.81
2019,B,114.14,31.05,31.05,31.06
2019,B,114.64,31.3,31.3,31.31
2019,B,115.14,31.55,31.55,31.56
2019,B,115.64,31.8,31.8,31.81
2019,B,116.14,32.05,32.05,32.06
2019,B,116.64,32.3,32.3,32.31
2019,B,117.14,32.55,32.55,32.56
2019,B,117.64,32.8,32.8,32.81
2019,B,118.14,33.05,33.05,33.06
2019,B,118.64,33.3,33.3,33.31
2019,B,119.14,33.55,33.55,33.56
2019,B,119.65,33.8,33.8,33.81
2019,B,120.15,34.05,34.05,34.06
2019,B,120.65,34.3,34.3,34.31
2019,B,121.15,34.55,34.55,34.56
2019,B,121.65,34.8,34.8,34.81
2019,B,122.15,35.05,35.05,35.06
2019,B,122.65,35.3,35.3,35.31
